"","","MS01","MS02","MS03","MS04V1","MS04V2","MS05","MS06","MS07","MS08","MS09","MS10","MS12","MS14","MS16","MS18","MS19","MS20","MS21","MS22","MS23","MS25","MS26","MS27","MS28","MS30","MS31","MS32V1","MS32V2","MS33","MS34V1","MS34V2","MS35","MS36","MS39","MS40","MS41V1","MS41V2","MS42V1","MS42V2","MS43","MS44","MS45","MS46","MS47","MS48","MS49","MS50","MS51V1","MS51V2","MS53V1","MS53V2","MS54","MS55","MS56","MS57","MS58","MS59","MS60","MS61","MS62","MS63","MS64","MS65","MS66","MS67","MS68","MS69","MS70","MS71"
"PSG","N0","21/03/2023","24/05/2023","15/05/2023","30/05/2023","12/12/2023","12/06/2023","08/08/2023","12/09/2023","15/08/2023","11/07/2023","25/07/2023","18/07/2023","31/07/2023","25/10/2023","24/08/2023","26/09/2023","30/10/2023","02/10/2023","23/10/2023","13/11/2023","16/01/2024","06/02/2024","05/12/2023","05/03/2025","31/07/2024","12/03/2024","02/04/2024","05/09/2024","21/08/2024","16/04/2024","28/08/2024","24/07/2024","","17/09/2024","24/09/2024","24/10/2024","24/04/2024","08/10/2024","26/08/2024","29/10/2024","31/10/2024","19/11/2024","09/12/2024","02/01/2025","18/02/2025","","25/02/2025","","","03/04/2025","","15/04/2025","","22/05/2025","","29/05/2025","","","","","","","","","","","","",""
"Sleep devices (actigraphy usually starts from N0)","N1","06/05/2023","25/05/2023","16/05/2023","31/05/2023","13/12/2023","13/06/2023","09/08/2023","13/09/2023","16/08/2023","12/07/2023","26/07/2023","19/07/2023","01/08/2023","26/10/2023","25/08/2023","27/09/2023","31/10/2023","03/10/2023","24/10/2023","14/11/2023","17/01/2024","07/02/2024","06/12/2023","06/03/2025","01/08/2024","13/03/2024","03/04/2024","06/09/2024","22/08/2024","17/04/2024","29/08/2024","25/07/2024","25/07/2024","18/09/2024","25/09/2024","25/10/2024","25/04/2024","09/10/2024","","30/10/2024","01/11/2024","20/11/2024","10/12/2024","03/01/2025","19/02/2025","20/02/2025","26/02/2025","07/03/2025","","04/04/2025","","16/04/2025","","23/05/2025","27/05/2025","30/05/2025","","","","","","","","","","","","",""
"","N2","07/05/2023","26/05/2023","17/05/2023","01/06/2023","14/12/2023","14/06/2023","10/08/2023","14/09/2023","17/08/2023","13/07/2023","27/07/2023","20/07/2023","02/08/2023","27/10/2023","26/08/2023","28/09/2023","01/11/2023","04/10/2023","25/10/2023","15/11/2023","18/01/2024","08/02/2024","07/12/2023","07/03/2025","02/08/2024","14/03/2024","04/04/2024","07/09/2024","23/08/2024","18/04/2024","30/08/2024","26/07/2024","26/07/2024","19/09/2024","26/09/2024","26/10/2024","26/04/2024","10/10/2024","","31/10/2024","02/11/2024","21/11/2024","11/12/2024","04/01/2025","20/02/2025","21/02/2025","27/02/2025","08/03/2025","","05/04/2025","","17/04/2025","","24/05/2025","28/05/2025","31/05/2025","","","","","","","","","","","","",""
"","N3","08/05/2023","27/05/2023","18/05/2023","02/06/2023","15/12/2023","15/06/2023","11/08/2023","15/09/2023","18/08/2023","14/07/2023","28/07/2023","21/07/2023","03/08/2023","28/10/2023","27/08/2023","29/09/2023","02/11/2023","05/10/2023","26/10/2023","16/11/2023","19/01/2024","09/02/2024","08/12/2023","08/03/2025","03/08/2024","15/03/2024","05/04/2024","08/09/2024","24/08/2024","19/04/2024","31/08/2024","27/07/2024","27/07/2024","20/09/2024","27/09/2024","27/10/2024","27/04/2024","11/10/2024","","01/11/2024","03/11/2024","22/11/2024","12/12/2024","05/01/2025","21/02/2025","22/02/2025","28/02/2025","09/03/2025","","06/04/2025","","18/04/2025","","25/05/2025","29/05/2025","01/06/2025","","","","","","","","","","","","",""
"","N4","09/05/2023","28/05/2023","19/05/2023","03/06/2023","16/12/2023","16/06/2023","12/08/2023","16/09/2023","19/08/2023","15/07/2023","29/07/2023","22/07/2023","04/08/2023","29/10/2023","28/08/2023","30/09/2023","03/11/2023","06/10/2023","27/10/2023","17/11/2023","20/01/2024","10/02/2024","09/12/2023","09/03/2025","04/08/2024","16/03/2024","06/04/2024","09/09/2024","25/08/2024","20/04/2024","01/09/2024","28/07/2024","28/07/2024","21/09/2024","28/09/2024","28/10/2024","28/04/2024","12/10/2024","","02/11/2024","04/11/2024","23/11/2024","13/12/2024","06/01/2025","22/02/2025","23/02/2025","01/03/2025","10/03/2025","","07/04/2025","","19/04/2025","","26/05/2025","30/05/2025","02/06/2025","","","","","","","","","","","","",""
"","N5","10/05/2023","29/05/2023","20/05/2023","04/06/2023","17/12/2023","17/06/2023","13/08/2023","17/09/2023","20/08/2023","16/07/2023","30/07/2023","23/07/2023","05/08/2023","30/10/2023","29/08/2023","01/10/2023","04/11/2023","07/10/2023","28/10/2023","18/11/2023","21/01/2024","11/02/2024","10/12/2023","10/03/2025","05/08/2024","17/03/2024","07/04/2024","10/09/2024","26/08/2024","21/04/2024","02/09/2024","29/07/2024","29/07/2024","22/09/2024","29/09/2024","29/10/2024","29/04/2024","13/10/2024","","03/11/2024","05/11/2024","24/11/2024","14/12/2024","07/01/2025","23/02/2025","24/02/2025","02/03/2025","11/03/2025","","08/04/2025","","20/04/2025","","27/05/2025","31/05/2025","03/06/2025","","","","","","","","","","","","",""
"","N6","11/05/2023","30/05/2023","21/05/2023","05/06/2023","18/12/2023","18/06/2023","14/08/2023","18/09/2023","21/08/2023","17/07/2023","31/07/2023","24/07/2023","06/08/2023","31/10/2023","30/08/2023","02/10/2023","05/11/2023","08/10/2023","29/10/2023","19/11/2023","22/01/2024","12/02/2024","11/12/2023","11/03/2025","06/08/2024","18/03/2024","08/04/2024","11/09/2024","27/08/2024","22/04/2024","03/09/2024","30/07/2024","30/07/2024","23/09/2024","30/09/2024","30/10/2024","30/04/2024","14/10/2024","","04/11/2024","06/11/2024","25/11/2024","15/12/2024","08/01/2025","24/02/2025","25/02/2025","03/03/2025","12/03/2025","","09/04/2025","","21/04/2025","","28/05/2025","01/06/2025","04/06/2025","","","","","","","","","","","","",""
"","N7","12/05/2023","31/05/2023","22/05/2023","06/06/2023","19/12/2023","19/06/2023","15/08/2023","19/09/2023","22/08/2023","18/07/2023","01/08/2023","25/07/2023","07/08/2023","01/11/2023","31/08/2023","03/10/2023","06/11/2023","09/10/2023","30/10/2023","20/11/2023","23/01/2024","13/02/2024","12/12/2023","12/03/2025","07/08/2024","19/03/2024","09/04/2024","12/09/2024","28/08/2024","23/04/2024","04/09/2024","31/07/2024","31/07/2024","24/09/2024","01/10/2024","31/10/2024","01/05/2024","15/10/2024","","05/11/2024","07/11/2024","26/11/2024","16/12/2024","09/01/2025","25/02/2025","26/02/2025","04/03/2025","13/03/2025","","10/04/2025","","22/04/2025","","29/05/2025","02/06/2025","05/06/2025","","","","","","","","","","","","",""
"","N8","13/05/2023","01/06/2023","23/05/2023","07/06/2023","20/12/2023","20/06/2023","16/08/2023","20/09/2023","23/08/2023","19/07/2023","02/08/2023","26/07/2023","08/08/2023","02/11/2023","01/09/2023","04/10/2023","07/11/2023","10/10/2023","31/10/2023","21/11/2023","24/01/2024","14/02/2024","13/12/2023","13/03/2025","08/08/2024","20/03/2024","10/04/2024","13/09/2024","29/08/2024","24/04/2024","05/09/2024","01/08/2024","01/08/2024","25/09/2024","02/10/2024","01/11/2024","02/05/2024","16/10/2024","","06/11/2024","08/11/2024","27/11/2024","17/12/2024","10/01/2025","26/02/2025","27/02/2025","05/03/2025","14/03/2025","","11/04/2025","","23/04/2025","","30/05/2025","03/06/2025","06/06/2025","","","","","","","","","","","","",""
"","N9","14/05/2023","02/06/2023","24/05/2023","08/06/2023","21/12/2023","21/06/2023","17/08/2023","21/09/2023","24/08/2023","20/07/2023","03/08/2023","27/07/2023","09/08/2023","03/11/2023","02/09/2023","05/10/2023","08/11/2023","11/10/2023","01/11/2023","22/11/2023","25/01/2024","15/02/2024","14/12/2023","14/03/2025","09/08/2024","21/03/2024","11/04/2024","14/09/2024","30/08/2024","25/04/2024","06/09/2024","02/08/2024","02/08/2024","26/09/2024","03/10/2024","02/11/2024","03/05/2024","17/10/2024","","07/11/2024","09/11/2024","28/11/2024","18/12/2024","11/01/2025","27/02/2025","28/02/2025","06/03/2025","15/03/2025","","12/04/2025","","24/04/2025","","31/05/2025","04/06/2025","07/06/2025","","","","","","","","","","","","",""
"","N10","15/05/2023","03/06/2023","25/05/2023","09/06/2023","22/12/2023","22/06/2023","18/08/2023","22/09/2023","25/08/2023","21/07/2023","04/08/2023","28/07/2023","10/08/2023","04/11/2023","03/09/2023","06/10/2023","09/11/2023","12/10/2023","02/11/2023","23/11/2023","26/01/2024","16/02/2024","15/12/2023","15/03/2025","10/08/2024","22/03/2024","12/04/2024","15/09/2024","31/08/2024","26/04/2024","07/09/2024","03/08/2024","03/08/2024","27/09/2024","04/10/2024","03/11/2024","04/05/2024","18/10/2024","","08/11/2024","10/11/2024","29/11/2024","19/12/2024","12/01/2025","28/02/2025","01/03/2025","07/03/2025","16/03/2025","","13/04/2025","","25/04/2025","","01/06/2025","05/06/2025","08/06/2025","","","","","","","","","","","","",""
"","N11","16/05/2023","04/06/2023","26/05/2023","10/06/2023","23/12/2023","23/06/2023","19/08/2023","23/09/2023","26/08/2023","22/07/2023","05/08/2023","29/07/2023","11/08/2023","05/11/2023","04/09/2023","07/10/2023","10/11/2023","13/10/2023","03/11/2023","24/11/2023","27/01/2024","17/02/2024","16/12/2023","16/03/2025","11/08/2024","23/03/2024","13/04/2024","16/09/2024","01/09/2024","27/04/2024","08/09/2024","04/08/2024","04/08/2024","28/09/2024","05/10/2024","04/11/2024","05/05/2024","19/10/2024","","09/11/2024","11/11/2024","30/11/2024","20/12/2024","13/01/2025","01/03/2025","02/03/2025","08/03/2025","17/03/2025","","14/04/2025","","26/04/2025","","02/06/2025","06/06/2025","09/06/2025","","","","","","","","","","","","",""
"","N12","17/05/2023","05/06/2023","27/05/2023","11/06/2023","24/12/2023","24/06/2023","20/08/2023","24/09/2023","27/08/2023","23/07/2023","06/08/2023","30/07/2023","12/08/2023","06/11/2023","05/09/2023","08/10/2023","11/11/2023","14/10/2023","04/11/2023","25/11/2023","28/01/2024","18/02/2024","17/12/2023","17/03/2025","12/08/2024","24/03/2024","14/04/2024","17/09/2024","02/09/2024","28/04/2024","09/09/2024","05/08/2024","05/08/2024","29/09/2024","06/10/2024","05/11/2024","06/05/2024","20/10/2024","","10/11/2024","12/11/2024","01/12/2024","21/12/2024","14/01/2025","02/03/2025","03/03/2025","09/03/2025","18/03/2025","","15/04/2025","","27/04/2025","","03/06/2025","07/06/2025","10/06/2025","","","","","","","","","","","","",""
"","N13","18/05/2023","06/06/2023","28/05/2023","12/06/2023","25/12/2023","25/06/2023","21/08/2023","25/09/2023","28/08/2023","24/07/2023","07/08/2023","31/07/2023","13/08/2023","07/11/2023","06/09/2023","09/10/2023","12/11/2023","15/10/2023","05/11/2023","26/11/2023","29/01/2024","19/02/2024","18/12/2023","18/03/2025","13/08/2024","25/03/2024","15/04/2024","18/09/2024","03/09/2024","29/04/2024","10/09/2024","06/08/2024","06/08/2024","30/09/2024","07/10/2024","06/11/2024","07/05/2024","21/10/2024","","11/11/2024","13/11/2024","02/12/2024","22/12/2024","15/01/2025","03/03/2025","04/03/2025","10/03/2025","19/03/2025","","16/04/2025","","28/04/2025","","04/06/2025","08/06/2025","11/06/2025","","","","","","","","","","","","",""
"","N14","19/05/2023","07/06/2023","29/05/2023","13/06/2023","26/12/2023","26/06/2023","22/08/2023","26/09/2023","29/08/2023","25/07/2023","08/08/2023","01/08/2023","14/08/2023","08/11/2023","07/09/2023","10/10/2023","13/11/2023","15/10/2023","05/11/2023","27/11/2023","30/01/2024","20/02/2024","19/12/2023","19/03/2025","14/08/2024","26/03/2024","16/04/2024","19/09/2024","04/09/2024","30/04/2024","11/09/2024","07/08/2024","07/08/2024","01/10/2024","08/10/2024","07/11/2024","08/05/2024","22/10/2024","","12/11/2024","14/11/2024","03/12/2024","23/12/2024","16/01/2025","04/03/2025","05/03/2025","11/03/2025","20/03/2025","","17/04/2025","","29/04/2025","","05/06/2025","09/06/2025","12/06/2025","","","","","","","","","","","","",""
"PSG (if it is done at a later date)","N_PSG","","","","","","","","","","","","","","","","","","","","","","","","","","","","","","","","","14/08/2024","","","","","","","","","","","","","22/04/2025","","","","","","","","","09/06/2025","","","","","","","","","","","","","",""
"",NA,NA,NA,NA,NA,NA,NA,NA,NA,NA,NA,NA,NA,NA,NA,NA,NA,NA,NA,NA,NA,NA,NA,NA,NA,NA,NA,NA,NA,NA,NA,NA,NA,NA,NA,NA,NA,NA,NA,NA,NA,NA,NA,NA,NA,NA,NA,NA,NA,NA,NA,NA,NA,NA,NA,NA,NA,NA,NA,NA,NA,NA,NA,NA,NA,NA,NA,NA,NA,NA
"",NA,NA,NA,NA,NA,NA,NA,NA,NA,NA,NA,NA,NA,NA,NA,NA,NA,NA,NA,NA,NA,NA,NA,NA,NA,NA,NA,NA,NA,NA,NA,NA,NA,NA,NA,NA,NA,NA,NA,NA,NA,NA,NA,NA,NA,NA,NA,NA,NA,NA,NA,NA,NA,NA,NA,NA,NA,NA,NA,NA,NA,NA,NA,NA,NA,NA,NA,NA,NA,NA
"",NA,NA,NA,NA,NA,NA,NA,NA,NA,NA,NA,NA,NA,NA,NA,NA,NA,NA,NA,NA,NA,NA,NA,NA,NA,NA,NA,NA,NA,NA,NA,NA,NA,NA,NA,NA,NA,NA,NA,NA,NA,NA,NA,NA,NA,NA,NA,NA,NA,NA,NA,NA,NA,NA,NA,NA,NA,NA,NA,NA,NA,NA,NA,NA,NA,NA,NA,NA,NA,NA
"",NA,NA,NA,NA,NA,NA,NA,NA,NA,NA,NA,NA,NA,NA,NA,NA,NA,NA,NA,NA,NA,NA,NA,NA,NA,NA,NA,NA,NA,NA,NA,NA,NA,NA,NA,NA,NA,NA,NA,NA,NA,NA,NA,NA,NA,NA,NA,NA,NA,NA,NA,NA,NA,NA,NA,NA,NA,NA,NA,NA,NA,NA,NA,NA,NA,NA,NA,NA,NA,NA
"",NA,NA,NA,NA,NA,NA,NA,NA,NA,NA,NA,NA,NA,NA,NA,NA,NA,NA,NA,NA,NA,NA,NA,NA,NA,NA,NA,NA,NA,NA,NA,NA,NA,NA,NA,NA,NA,NA,NA,NA,NA,NA,NA,NA,NA,NA,NA,NA,NA,NA,NA,NA,NA,NA,NA,NA,NA,NA,NA,NA,NA,NA,NA,NA,NA,NA,NA,NA,NA,NA
"",NA,NA,NA,NA,NA,NA,NA,NA,NA,NA,NA,NA,NA,NA,NA,NA,NA,NA,NA,NA,NA,NA,NA,NA,NA,NA,NA,NA,NA,NA,NA,NA,NA,NA,NA,NA,NA,NA,NA,NA,NA,NA,NA,NA,NA,NA,NA,NA,NA,NA,NA,NA,NA,NA,NA,NA,NA,NA,NA,NA,NA,NA,NA,NA,NA,NA,NA,NA,NA,NA
"",NA,NA,NA,NA,NA,NA,NA,NA,NA,NA,NA,NA,NA,NA,NA,NA,NA,NA,NA,NA,NA,NA,NA,NA,NA,NA,NA,NA,NA,NA,NA,NA,NA,NA,NA,NA,NA,NA,NA,NA,NA,NA,NA,NA,NA,NA,NA,NA,NA,NA,NA,NA,NA,NA,NA,NA,NA,NA,NA,NA,NA,NA,NA,NA,NA,NA,NA,NA,NA,NA
"",NA,NA,NA,NA,NA,NA,NA,NA,NA,NA,NA,NA,NA,NA,NA,NA,NA,NA,NA,NA,NA,NA,NA,NA,NA,NA,NA,NA,NA,NA,NA,NA,NA,NA,NA,NA,NA,NA,NA,NA,NA,NA,NA,NA,NA,NA,NA,NA,NA,NA,NA,NA,NA,NA,NA,NA,NA,NA,NA,NA,NA,NA,NA,NA,NA,NA,NA,NA,NA,NA
