-- MySQL dump 10.13  Distrib 9.1.0, for macos14.7 (arm64)
--
-- Host: localhost    Database: mind_and_skin
-- ------------------------------------------------------
-- Server version	9.1.0

/*!40101 SET @OLD_CHARACTER_SET_CLIENT=@@CHARACTER_SET_CLIENT */;
/*!40101 SET @OLD_CHARACTER_SET_RESULTS=@@CHARACTER_SET_RESULTS */;
/*!40101 SET @OLD_COLLATION_CONNECTION=@@COLLATION_CONNECTION */;
/*!50503 SET NAMES utf8mb4 */;
/*!40103 SET @OLD_TIME_ZONE=@@TIME_ZONE */;
/*!40103 SET TIME_ZONE='+00:00' */;
/*!40014 SET @OLD_UNIQUE_CHECKS=@@UNIQUE_CHECKS, UNIQUE_CHECKS=0 */;
/*!40014 SET @OLD_FOREIGN_KEY_CHECKS=@@FOREIGN_KEY_CHECKS, FOREIGN_KEY_CHECKS=0 */;
/*!40101 SET @OLD_SQL_MODE=@@SQL_MODE, SQL_MODE='NO_AUTO_VALUE_ON_ZERO' */;
/*!40111 SET @OLD_SQL_NOTES=@@SQL_NOTES, SQL_NOTES=0 */;

--
-- Table structure for table `Assessment`
--

DROP TABLE IF EXISTS `Assessment`;
/*!40101 SET @saved_cs_client     = @@character_set_client */;
/*!50503 SET character_set_client = utf8mb4 */;
CREATE TABLE `Assessment` (
  `assessment_id` int NOT NULL AUTO_INCREMENT,
  `domain_id` int NOT NULL,
  `name` varchar(100) NOT NULL,
  `coding` varchar(10) NOT NULL,
  PRIMARY KEY (`assessment_id`),
  UNIQUE KEY `unique_assessment_coding` (`coding`),
  KEY `assessment_domain_id_foreign` (`domain_id`),
  CONSTRAINT `assessment_domain_id_foreign` FOREIGN KEY (`domain_id`) REFERENCES `Domain` (`domain_id`)
) ENGINE=InnoDB AUTO_INCREMENT=32 DEFAULT CHARSET=utf8mb4 COLLATE=utf8mb4_0900_ai_ci;
/*!40101 SET character_set_client = @saved_cs_client */;

--
-- Dumping data for table `Assessment`
--

LOCK TABLES `Assessment` WRITE;
/*!40000 ALTER TABLE `Assessment` DISABLE KEYS */;
INSERT INTO `Assessment` VALUES (1,1,'Skin Barrier Function Assessment','sbfa'),(2,2,'Eczema Area and Severity Index','se_easi'),(3,3,'Patient-Oriented Eczema Measure','poem'),(4,3,'Body Mindset Inventory','bmsi'),(5,3,'Bodily Threat Monitoring Scale','btms'),(6,3,'Itch Severity Numerical Rating','vas'),(7,3,'Skin Specific Quality of Life Questionnaire','skinqol'),(8,4,'Paediatric Sleep Questionnaire','sdc'),(9,4,'Sleep Disturbances Scale for Children','sdsc'),(10,6,'Edinburgh Handedness Inventory','ehi'),(11,6,'Wechsler Abbreviated Scale of Intelligence','wasi'),(12,6,'Go/No-go Task','GNG'),(13,6,'Continuous Performance Task','CPT'),(14,6,'Simon Task','STR'),(15,6,'Time Discrimination Task','TD'),(16,6,'Mackworth Clock Vigilance Task','MCVT'),(17,6,'Composite Scores','COMP');
/*!40000 ALTER TABLE `Assessment` ENABLE KEYS */;
UNLOCK TABLES;

--
-- Table structure for table `Comorbidity`
--

DROP TABLE IF EXISTS `Comorbidity`;
/*!40101 SET @saved_cs_client     = @@character_set_client */;
/*!50503 SET character_set_client = utf8mb4 */;
CREATE TABLE `Comorbidity` (
  `comorbidity_id` int NOT NULL AUTO_INCREMENT,
  `name` varchar(50) NOT NULL,
  `coding` varchar(40) DEFAULT NULL,
  PRIMARY KEY (`comorbidity_id`),
  UNIQUE KEY `unique_comorbidity_name` (`name`)
) ENGINE=InnoDB AUTO_INCREMENT=6 DEFAULT CHARSET=utf8mb4 COLLATE=utf8mb4_0900_ai_ci;
/*!40101 SET character_set_client = @saved_cs_client */;

--
-- Dumping data for table `Comorbidity`
--

LOCK TABLES `Comorbidity` WRITE;
/*!40000 ALTER TABLE `Comorbidity` DISABLE KEYS */;
INSERT INTO `Comorbidity` VALUES (1,'Asthma','mh_asthma'),(2,'Allergic rhino-conjunctivitis (hayfever)','mh_rhino'),(3,'Food allergies','mh_fdalle'),(4,'Contact allergies','mh_ctalle'),(5,'History of sleep disturbance','mh_slpdist');
/*!40000 ALTER TABLE `Comorbidity` ENABLE KEYS */;
UNLOCK TABLES;

--
-- Table structure for table `Diagnostic_Criteria`
--

DROP TABLE IF EXISTS `Diagnostic_Criteria`;
/*!40101 SET @saved_cs_client     = @@character_set_client */;
/*!50503 SET character_set_client = utf8mb4 */;
CREATE TABLE `Diagnostic_Criteria` (
  `diagnostic_criteria_id` int NOT NULL AUTO_INCREMENT,
  `criteria` varchar(150) NOT NULL,
  `notes` varchar(255) DEFAULT NULL,
  `coding` varchar(40) DEFAULT NULL,
  PRIMARY KEY (`diagnostic_criteria_id`)
) ENGINE=InnoDB AUTO_INCREMENT=7 DEFAULT CHARSET=utf8mb4 COLLATE=utf8mb4_0900_ai_ci;
/*!40101 SET character_set_client = @saved_cs_client */;

--
-- Dumping data for table `Diagnostic_Criteria`
--

LOCK TABLES `Diagnostic_Criteria` WRITE;
/*!40000 ALTER TABLE `Diagnostic_Criteria` DISABLE KEYS */;
INSERT INTO `Diagnostic_Criteria` VALUES (1,'An itchy skin condition in the last year','','dem_ukdiag1'),(2,'Visual flexural dermatitis','','dem_ukdiag2'),(3,'History of flexural involvement','','dem_ukdiag3'),(4,'History of generally dry skin','','dem_ukdiag4'),(5,'Personal history of atopic disease','children under 4 years: family history of atopic disease','dem_ukdiag5'),(6,'Onset before the  age of 2 years','not used if child aged < 4 years','dem_ukdiag6');
/*!40000 ALTER TABLE `Diagnostic_Criteria` ENABLE KEYS */;
UNLOCK TABLES;

--
-- Table structure for table `Domain`
--

DROP TABLE IF EXISTS `Domain`;
/*!40101 SET @saved_cs_client     = @@character_set_client */;
/*!50503 SET character_set_client = utf8mb4 */;
CREATE TABLE `Domain` (
  `domain_id` int NOT NULL AUTO_INCREMENT,
  `name` varchar(100) NOT NULL,
  PRIMARY KEY (`domain_id`),
  UNIQUE KEY `unique_domain_name` (`name`)
) ENGINE=InnoDB AUTO_INCREMENT=7 DEFAULT CHARSET=utf8mb4 COLLATE=utf8mb4_0900_ai_ci;
/*!40101 SET character_set_client = @saved_cs_client */;

--
-- Dumping data for table `Domain`
--

LOCK TABLES `Domain` WRITE;
/*!40000 ALTER TABLE `Domain` DISABLE KEYS */;
INSERT INTO `Domain` VALUES (5,'Homebased Sleep Assessments'),(6,'Neurocognitive Assessments'),(3,'Patient-Reported Quality of Life Measures'),(4,'Questionnaire-Based Sleep Assessments'),(1,'Skin Barrier Assessments'),(2,'Skin Examination');
/*!40000 ALTER TABLE `Domain` ENABLE KEYS */;
UNLOCK TABLES;

--
-- Table structure for table `Ethnicity_Group`
--

DROP TABLE IF EXISTS `Ethnicity_Group`;
/*!40101 SET @saved_cs_client     = @@character_set_client */;
/*!50503 SET character_set_client = utf8mb4 */;
CREATE TABLE `Ethnicity_Group` (
  `ethnicity_group_id` int NOT NULL AUTO_INCREMENT,
  `group_name` varchar(60) NOT NULL,
  PRIMARY KEY (`ethnicity_group_id`),
  UNIQUE KEY `unique_ethnicity_group_name` (`group_name`)
) ENGINE=InnoDB AUTO_INCREMENT=6 DEFAULT CHARSET=utf8mb4 COLLATE=utf8mb4_0900_ai_ci;
/*!40101 SET character_set_client = @saved_cs_client */;

--
-- Dumping data for table `Ethnicity_Group`
--

LOCK TABLES `Ethnicity_Group` WRITE;
/*!40000 ALTER TABLE `Ethnicity_Group` DISABLE KEYS */;
INSERT INTO `Ethnicity_Group` VALUES (1,'Asian or Asian British'),(3,'Black, Black British, Caribbean or African'),(4,'Mixed or multiple ethnic groups'),(5,'Other ethnic group'),(2,'White');
/*!40000 ALTER TABLE `Ethnicity_Group` ENABLE KEYS */;
UNLOCK TABLES;

--
-- Table structure for table `Ethnicity_Subtype`
--

DROP TABLE IF EXISTS `Ethnicity_Subtype`;
/*!40101 SET @saved_cs_client     = @@character_set_client */;
/*!50503 SET character_set_client = utf8mb4 */;
CREATE TABLE `Ethnicity_Subtype` (
  `ethnicity_subtype_id` int NOT NULL AUTO_INCREMENT,
  `ethnicity_group_id` int NOT NULL,
  `subtype_name` varchar(100) NOT NULL,
  PRIMARY KEY (`ethnicity_subtype_id`),
  UNIQUE KEY `unique_ethnicity_subtype_name_per_group` (`ethnicity_group_id`,`subtype_name`),
  CONSTRAINT `ethnicity_subtype_ethnicity_group_id_foreign` FOREIGN KEY (`ethnicity_group_id`) REFERENCES `Ethnicity_Group` (`ethnicity_group_id`)
) ENGINE=InnoDB AUTO_INCREMENT=32 DEFAULT CHARSET=utf8mb4 COLLATE=utf8mb4_0900_ai_ci;
/*!40101 SET character_set_client = @saved_cs_client */;

--
-- Dumping data for table `Ethnicity_Subtype`
--

LOCK TABLES `Ethnicity_Subtype` WRITE;
/*!40000 ALTER TABLE `Ethnicity_Subtype` DISABLE KEYS */;
INSERT INTO `Ethnicity_Subtype` VALUES (5,1,'Any other Asian background'),(3,1,'Bangladeshi'),(4,1,'Chinese'),(1,1,'Indian'),(2,1,'Pakistani'),(10,2,'Any other White Background'),(6,2,'English, Welsh, Scottish, Northern Irish or British'),(8,2,'Gypsy or Irish Traveller'),(7,2,'Irish'),(9,2,'Roma'),(12,3,'African'),(13,3,'Any other Black, Black British, Caribbean Background'),(11,3,'Caribbean'),(17,4,'Any other Mixed or multiple ethnic background'),(16,4,'White and Asian'),(15,4,'White and Black African'),(14,4,'White and Black Caribbean'),(19,5,'Any other ethnic group'),(18,5,'Arab');
/*!40000 ALTER TABLE `Ethnicity_Subtype` ENABLE KEYS */;
UNLOCK TABLES;

--
-- Table structure for table `Measurement`
--

DROP TABLE IF EXISTS `Measurement`;
/*!40101 SET @saved_cs_client     = @@character_set_client */;
/*!50503 SET character_set_client = utf8mb4 */;
CREATE TABLE `Measurement` (
  `measurement_id` int NOT NULL AUTO_INCREMENT,
  `assessment_id` int NOT NULL,
  `name` varchar(255) NOT NULL,
  `description` varchar(255) DEFAULT NULL,
  `unit` varchar(35) DEFAULT NULL,
  `coding` varchar(40) DEFAULT NULL,
  PRIMARY KEY (`measurement_id`),
  UNIQUE KEY `unique_measurement_coding` (`coding`),
  KEY `measurement_assessment_id_foreign` (`assessment_id`),
  CONSTRAINT `measurement_assessment_id_foreign` FOREIGN KEY (`assessment_id`) REFERENCES `Assessment` (`assessment_id`)
) ENGINE=InnoDB AUTO_INCREMENT=64 DEFAULT CHARSET=utf8mb4 COLLATE=utf8mb4_0900_ai_ci;
/*!40101 SET character_set_client = @saved_cs_client */;

--
-- Dumping data for table `Measurement`
--

LOCK TABLES `Measurement` WRITE;
/*!40000 ALTER TABLE `Measurement` DISABLE KEYS */;
INSERT INTO `Measurement` VALUES (1,1,'TEWL Forearm Location','','String','sbfa_twel_det2'),(2,1,'ARM 1 Flux','','mg/meter sq * height','sbfa_arm_flux1'),(3,1,'ARM 2 Flux','','mg/meter sq * height','sbfa_arm_flux2'),(4,1,'ARM 3 Flux','','mg/meter sq * height','sbfa_arm_flux3'),(5,1,'Decent measurement curves?','','String','sbfa_arm_cur'),(6,1,'Temperature','','◦C','sbfa_temp'),(7,1,'Room humidity','','%','sbfa_humidity'),(8,1,'PH Forearm Location','','String','sbfa_ph_det'),(9,1,'PH measurment 1','','Number','sbfa_ph1'),(10,1,'PH measurment 2','','Number','sbfa_ph2'),(11,1,'PH measurment 3','','Number','sbfa_ph3'),(12,2,'EASI Total Score','','Number','se_easi'),(13,3,'POEM Total Score','','Number','poem_score'),(14,4,'Body is an Adversary score','mean of items : 1, 2, 3, 4','Number','bmsi_adverse_score'),(15,4,'Body is an Capable score','mean of items : 5, 6','Number','bmsi_capable_score'),(16,4,'Body is a Responsive score','mean of items :7, 8','Number','bmsi_response_score'),(17,5,'Bodily monitoring score','sum items: 1, 5, 7, 12, 14, 17','Number','btms_bm_score'),(18,5,'Bodily threat appraisals score','sum items : 2, 3, 4, 6, 8, 9, 10, 11, 13, 15, 16, 18, 19','Number','btms_bthreat_score'),(19,5,'BTMS Total Score','','Number','btms_tscore'),(20,6,'Itch Severity Numerical Rating Total Score','','Number','vas_score'),(21,7,'Skin QOL uestionnaire used','CDLQI (<=16 years old, range 0-30). \nDLQI (>16 years old, range 0-30)','String','skinqol_used'),(22,7,'Skin QOL Total Score','','Number','skinqol_score'),(23,8,'SRBD scale','including snoring and sleepiness subscales','Number','sdc_srbd_scale'),(24,8,'Sleepiness subscale','','Number','sdc_sleepiness_scale'),(25,8,'Periodic Leg Movement/Restless Legs Syndrome scale','','Number','sdc_restless_leg_scale'),(26,8,'Disorders of initiating and maintaining sleep score','sum the score of the items 1,2,3,4,5,10,11','Number','sdc_mtainsc'),(27,8,'Disorders of initiating and maintaining sleep T-score','','Number','sdc_mtainsc_tscore'),(28,9,'Sleep Related Breathing Disorders score','sum the score of the items 13,14,15','Number','sdsc_breath'),(29,9,'Sleep Related Breathing Disorders T-score','','Number','sdc_breath_tscore'),(30,9,'Disorders of arousal score','sum the score of the items 17,20,21','Number','sdsc_arousal'),(31,8,'Disorders of arousal T-score','','Number','sdc_arousal_tscore'),(32,9,'Sleep-Wake Transition Disorders score','sum the score of the items 6,7,8,12,18,19','Number','sdsc_transit'),(33,8,'Sleep-Wake Transition Disorders T-score','','Number','sdc_transit_tscore'),(34,9,'Disorders of excessive somnolence score','sum the score of the items 22,23,24,25,26','Number','sdsc_somnol'),(35,8,'Disorders of excessive somnolence T-score','','Number','sdc_somnol_tscore'),(36,9,'Sleep Hyperhydrosis score','sum the score of the items 9,16','Number','sdsc_hyper'),(37,8,'Sleep Hyperhydrosis T-score','','Number','sdc_hyper_tscore'),(38,9,'SDSC Total Score','','Number','sdsc_tscore'),(39,9,'SDSC Total T-Score','','Number','sdsc_total_t_score'),(40,10,'EHI Total Score','Left-handedness - Less than -40. Ambidexterity=Between -40 and +40. Right-handness=More than +40','Number','ehi_tscore'),(41,11,'FSIQ-4 Total score','','Number','wasi_fsiq4'),(42,12,'GNG Reaction time to go signals','','ms','GNG_RT_GOS'),(43,12,'GNG Standard deviation of reaction time to go signals','','ms','GNG_SD_GOS'),(44,12,'GNG Probability of inhibition','','%','GNG_PI_ALL'),(45,12,'GNG Premature responses to all','','Number','GNG_AG_PR'),(46,13,'CPT Percentage of omission error','','%','CPT_OM_ALL'),(47,13,'CPT Number of premature responses to all signals','','Number','CPT_PRE_ALL'),(48,13,'CPT Percentage of comission error','','%','CPT_CM_ALL'),(49,13,'CPT Mean reaction time (MRT) of target','Reward + non-reward','ms','CPT_MRT_ALL'),(50,13,'CPT Standard deviation of MRT target','','ms','CPT_SD_ALL'),(51,14,'STR Reaction time to congruent signals','','ms','STR_RTCONGR'),(52,14,'STR Standard deviation of RTs to congruent signals ','','ms','STR_SDCONGR'),(53,14,'STR Number of premature responses to all signals ','','Number','STR_PM_ALL'),(54,14,'STR Reaction time to incongruent signal minus reaction time to congruent signals','','ms','STR_RT_EFF'),(55,15,'TD Percentage of total errors','','%','TD_ERR'),(56,16,'MCVT Number of omission errors','','Number','MCVT_OM'),(57,16,'MCVT Number of comission errors','','Number','MCVT_COM'),(58,17,'Composite number of premature responses','','Number','COMP_PREM'),(59,17,'Composite mean reaction time','','ms','COMP_MRT'),(60,17,'Composite coefficient of variance','a measure of relative variability, equal to the ratio of SD to mean','Number','COMP_CV');
/*!40000 ALTER TABLE `Measurement` ENABLE KEYS */;
UNLOCK TABLES;

--
-- Table structure for table `Medication_Category`
--

DROP TABLE IF EXISTS `Medication_Category`;
/*!40101 SET @saved_cs_client     = @@character_set_client */;
/*!50503 SET character_set_client = utf8mb4 */;
CREATE TABLE `Medication_Category` (
  `medication_category_id` int NOT NULL AUTO_INCREMENT,
  `category` varchar(40) NOT NULL,
  PRIMARY KEY (`medication_category_id`),
  UNIQUE KEY `unique_medication_category` (`category`)
) ENGINE=InnoDB AUTO_INCREMENT=4 DEFAULT CHARSET=utf8mb4 COLLATE=utf8mb4_0900_ai_ci;
/*!40101 SET character_set_client = @saved_cs_client */;

--
-- Dumping data for table `Medication_Category`
--

LOCK TABLES `Medication_Category` WRITE;
/*!40000 ALTER TABLE `Medication_Category` DISABLE KEYS */;
INSERT INTO `Medication_Category` VALUES (2,'Calcineurin inhibitor'),(1,'Corticosteroid'),(3,'Systemic therapy');
/*!40000 ALTER TABLE `Medication_Category` ENABLE KEYS */;
UNLOCK TABLES;

--
-- Table structure for table `Participant`
--

DROP TABLE IF EXISTS `Participant`;
/*!40101 SET @saved_cs_client     = @@character_set_client */;
/*!50503 SET character_set_client = utf8mb4 */;
CREATE TABLE `Participant` (
  `participant_id` int NOT NULL AUTO_INCREMENT,
  `subject_id` varchar(4) NOT NULL,
  `age` double DEFAULT NULL,
  `group` varchar(50) CHARACTER SET utf8mb4 COLLATE utf8mb4_0900_ai_ci DEFAULT NULL,
  `sex` varchar(20) DEFAULT NULL,
  `is_active` tinyint(1) NOT NULL,
  PRIMARY KEY (`participant_id`),
  UNIQUE KEY `unique_subject_id` (`subject_id`)
) ENGINE=InnoDB AUTO_INCREMENT=48 DEFAULT CHARSET=utf8mb4 COLLATE=utf8mb4_0900_ai_ci;
/*!40101 SET character_set_client = @saved_cs_client */;

--
-- Dumping data for table `Participant`
--

LOCK TABLES `Participant` WRITE;
/*!40000 ALTER TABLE `Participant` DISABLE KEYS */;
INSERT INTO `Participant` VALUES (1,'MS01',16.9,'Group 2 (topical therapy)','Male',1),(2,'MS02',18.3,'Group 2 (topical therapy)','Male',1),(3,'MS03',15.3,'Group 2 (topical therapy)','Female',1),(4,'MS04',16.2,'Group 1 (immuno-modulatory therapy)','Female',1),(5,'MS05',12.1,'Group 2 (topical therapy)','Male',1),(6,'MS06',17.5,'Group 2 (topical therapy)','Male',1),(7,'MS07',13.5,'Group 2 (topical therapy)','Female',1),(8,'MS08',16.5,'Group 2 (topical therapy)','Female',1),(9,'MS09',16.1,'Group 2 (topical therapy)','Male',1),(10,'MS10',16.1,'Group 3 (healthy controls)','Female',1),(11,'MS11',NULL,'','',0),(12,'MS12',15.9,'Group 3 (healthy controls)','Male',1),(13,'MS13',NULL,'','',0),(14,'MS14',14.9,'Group 2 (topical therapy)','Female',1),(15,'MS15',16.9,'Group 2 (topical therapy)','Female',0),(16,'MS16',16.1,'Group 2 (topical therapy)','Female',1),(17,'MS17',15.4,'Group 2 (topical therapy)','Female',0),(18,'MS18',15.7,'Group 3 (healthy controls)','Male',1),(19,'MS19',15.1,'Group 2 (topical therapy)','Female',1),(20,'MS20',14.8,'Group 2 (topical therapy)','Male',1),(21,'MS21',15.2,'Group 2 (topical therapy)','Female',1),(22,'MS22',13.7,'Group 2 (topical therapy)','Female',1),(23,'MS23',17.2,'Group 3 (healthy controls)','Female',1),(24,'MS24',17.2,'Group 2 (topical therapy)','Female',0),(25,'MS25',15.3,'Group 2 (topical therapy)','Male',1),(26,'MS26',14.4,'Group 3 (healthy controls)','Female',1),(27,'MS27',16.9,'Group 3 (healthy controls)','Male',1),(28,'MS28',14.5,'Group 3 (healthy controls)','Male',1),(29,'MS29',15.7,'Group 3 (healthy controls)','Male',1),(30,'MS30',13.7,'Group 2 (topical therapy)','Female',1),(31,'MS31',13.4,'Group 2 (topical therapy)','Male',1),(32,'MS32',15.4,'Group 1 (immuno-modulatory therapy)','Female',1),(33,'MS33',15.7,'Group 3 (healthy controls)','Male',1),(34,'MS34',15.7,'Group 1 (immuno-modulatory therapy)','Female',1),(35,'MS35',12.4,'Group 2 (topical therapy)','Male',1),(36,'MS36',15.1,'Group 3 (healthy controls)','Male',1),(37,'MS37',NULL,'','',1),(38,'MS38',NULL,'','',1),(39,'MS39',14.9,'Group 2 (topical therapy)','Female',1),(40,'MS40',15.1,'Group 2 (topical therapy)','Female',1),(41,'MS41',12,'Group 1 (immuno-modulatory therapy)','Male',1),(42,'MS42',12.5,'Group 1 (immuno-modulatory therapy)','Male',1),(43,'MS43',14.3,'Group 2 (topical therapy)','Male',1),(44,'MS44',12.5,'Group 3 (healthy controls)','Male',1),(45,'MS45',13.9,'Group 3 (healthy controls)','Female',1),(46,'MS46',15.4,'Group 3 (healthy controls)','Female',1),(47,'MS47',14.2,'Group 3 (healthy controls)','Female',1);
/*!40000 ALTER TABLE `Participant` ENABLE KEYS */;
UNLOCK TABLES;

--
-- Table structure for table `Participant_Comorbidity`
--

DROP TABLE IF EXISTS `Participant_Comorbidity`;
/*!40101 SET @saved_cs_client     = @@character_set_client */;
/*!50503 SET character_set_client = utf8mb4 */;
CREATE TABLE `Participant_Comorbidity` (
  `participant_comorbidity_id` int NOT NULL AUTO_INCREMENT,
  `participant_id` int NOT NULL,
  `comorbidity_id` int NOT NULL,
  `has_comorbidity` varchar(10) DEFAULT NULL,
  PRIMARY KEY (`participant_comorbidity_id`),
  UNIQUE KEY `unique_participant_comorbidity` (`participant_id`,`comorbidity_id`),
  KEY `participant_comorbidity_comorbidity_id_foreign` (`comorbidity_id`),
  CONSTRAINT `participant_comorbidity_comorbidity_id_foreign` FOREIGN KEY (`comorbidity_id`) REFERENCES `Comorbidity` (`comorbidity_id`),
  CONSTRAINT `participant_comorbidity_participant_id_foreign` FOREIGN KEY (`participant_id`) REFERENCES `Participant` (`participant_id`)
) ENGINE=InnoDB AUTO_INCREMENT=256 DEFAULT CHARSET=utf8mb4 COLLATE=utf8mb4_0900_ai_ci;
/*!40101 SET character_set_client = @saved_cs_client */;

--
-- Dumping data for table `Participant_Comorbidity`
--

LOCK TABLES `Participant_Comorbidity` WRITE;
/*!40000 ALTER TABLE `Participant_Comorbidity` DISABLE KEYS */;
INSERT INTO `Participant_Comorbidity` VALUES (1,1,1,'Yes'),(2,2,1,'Yes'),(3,3,1,'No'),(4,4,1,'Yes'),(5,5,1,'No'),(6,6,1,'Yes'),(7,7,1,'No'),(8,8,1,'Yes'),(9,9,1,'No'),(10,10,1,'No'),(11,11,1,''),(12,12,1,'No'),(13,13,1,''),(14,14,1,'No'),(15,15,1,'Yes'),(16,16,1,'No'),(17,17,1,'No'),(18,18,1,'No'),(19,19,1,'Yes'),(20,20,1,'Yes'),(21,21,1,'Yes'),(22,22,1,'Yes'),(23,23,1,'Yes'),(24,24,1,'No'),(25,25,1,'Yes'),(26,26,1,'No'),(27,27,1,'No'),(28,28,1,'No'),(29,29,1,'No'),(30,30,1,'Yes'),(31,31,1,'No'),(32,32,1,'No'),(33,33,1,'No'),(34,34,1,'No'),(35,35,1,'No'),(36,36,1,'No'),(37,37,1,''),(38,38,1,''),(39,39,1,'No'),(40,40,1,'No'),(41,41,1,'No'),(42,42,1,'Yes'),(43,43,1,'No'),(44,44,1,'No'),(45,45,1,'No'),(46,46,1,'No'),(47,47,1,'Yes'),(48,1,2,'Yes'),(49,2,2,'Yes'),(50,3,2,'Yes'),(51,4,2,'Yes'),(52,5,2,'No'),(53,6,2,'Yes'),(54,7,2,'Yes'),(55,8,2,'Yes'),(56,9,2,'Yes'),(57,10,2,'Yes'),(58,11,2,''),(59,12,2,'No'),(60,13,2,''),(61,14,2,'Yes'),(62,15,2,'Yes'),(63,16,2,'Yes'),(64,17,2,'Yes'),(65,18,2,'No'),(66,19,2,'Yes'),(67,20,2,'Yes'),(68,21,2,'Yes'),(69,22,2,'Yes'),(70,23,2,'No'),(71,24,2,'No'),(72,25,2,'Yes'),(73,26,2,'No'),(74,27,2,'Yes'),(75,28,2,'No'),(76,29,2,'No'),(77,30,2,'No'),(78,31,2,'Yes'),(79,32,2,'Yes'),(80,33,2,'Yes'),(81,34,2,'No'),(82,35,2,'Yes'),(83,36,2,'No'),(84,37,2,''),(85,38,2,''),(86,39,2,'No'),(87,40,2,'No'),(88,41,2,'Yes'),(89,42,2,'Yes'),(90,43,2,'No'),(91,44,2,'No'),(92,45,2,'No'),(93,46,2,'No'),(94,47,2,'Yes'),(95,1,3,'No'),(96,2,3,'No'),(97,3,3,'No'),(98,4,3,'Yes'),(99,5,3,'Unknown'),(100,6,3,'Yes'),(101,7,3,'Yes'),(102,8,3,'Yes'),(103,9,3,'Yes'),(104,10,3,'No'),(105,11,3,''),(106,12,3,'No'),(107,13,3,''),(108,14,3,'Yes'),(109,15,3,'Yes'),(110,16,3,'Yes'),(111,17,3,'No'),(112,18,3,'No'),(113,19,3,'Yes'),(114,20,3,'Yes'),(115,21,3,'Yes'),(116,22,3,'Yes'),(117,23,3,'No'),(118,24,3,'No'),(119,25,3,'Yes'),(120,26,3,'No'),(121,27,3,'No'),(122,28,3,'No'),(123,29,3,'No'),(124,30,3,'No'),(125,31,3,'Yes'),(126,32,3,'Yes'),(127,33,3,'Yes'),(128,34,3,'Yes'),(129,35,3,'No'),(130,36,3,'No'),(131,37,3,''),(132,38,3,''),(133,39,3,'No'),(134,40,3,'No'),(135,41,3,'Yes'),(136,42,3,'No'),(137,43,3,'Yes'),(138,44,3,'No'),(139,45,3,'No'),(140,46,3,'No'),(141,47,3,'Yes'),(142,1,4,'No'),(143,2,4,'No'),(144,3,4,'No'),(145,4,4,'No'),(146,5,4,'Unknown'),(147,6,4,'Yes'),(148,7,4,'No'),(149,8,4,'No'),(150,9,4,'Yes'),(151,10,4,'No'),(152,11,4,''),(153,12,4,'No'),(154,13,4,''),(155,14,4,'No'),(156,15,4,'No'),(157,16,4,'No'),(158,17,4,'Yes'),(159,18,4,'No'),(160,19,4,'No'),(161,20,4,'No'),(162,21,4,'No'),(163,22,4,'No'),(164,23,4,'No'),(165,24,4,'No'),(166,25,4,'No'),(167,26,4,'Yes'),(168,27,4,'No'),(169,28,4,'No'),(170,29,4,'No'),(171,30,4,'Yes'),(172,31,4,'No'),(173,32,4,'No'),(174,33,4,'No'),(175,34,4,'Yes'),(176,35,4,'No'),(177,36,4,'No'),(178,37,4,''),(179,38,4,''),(180,39,4,'No'),(181,40,4,''),(182,41,4,'Yes'),(183,42,4,'Yes'),(184,43,4,'No'),(185,44,4,'No'),(186,45,4,'No'),(187,46,4,'No'),(188,47,4,'No'),(189,1,5,'Yes'),(190,2,5,'Yes'),(191,3,5,'No'),(192,4,5,'Yes'),(193,5,5,'Yes'),(194,6,5,'Yes'),(195,7,5,'No'),(196,8,5,'Yes'),(197,9,5,'No'),(198,10,5,'No'),(199,11,5,''),(200,12,5,'No'),(201,13,5,''),(202,14,5,'No'),(203,15,5,'Yes'),(204,16,5,'No'),(205,17,5,'No'),(206,18,5,'No'),(207,19,5,'No'),(208,20,5,'Yes'),(209,21,5,'No'),(210,22,5,'Yes'),(211,23,5,'No'),(212,24,5,'Yes'),(213,25,5,'No'),(214,26,5,'No'),(215,27,5,'No'),(216,28,5,'No'),(217,29,5,'No'),(218,30,5,'No'),(219,31,5,'No'),(220,32,5,'No'),(221,33,5,'No'),(222,34,5,'No'),(223,35,5,'No'),(224,36,5,'No'),(225,37,5,''),(226,38,5,''),(227,39,5,'No'),(228,40,5,'No'),(229,41,5,'No'),(230,42,5,'No'),(231,43,5,'No'),(232,44,5,'No'),(233,45,5,'No'),(234,46,5,'No'),(235,47,5,'No');
/*!40000 ALTER TABLE `Participant_Comorbidity` ENABLE KEYS */;
UNLOCK TABLES;

--
-- Table structure for table `Participant_Diagnostic_Criteria`
--

DROP TABLE IF EXISTS `Participant_Diagnostic_Criteria`;
/*!40101 SET @saved_cs_client     = @@character_set_client */;
/*!50503 SET character_set_client = utf8mb4 */;
CREATE TABLE `Participant_Diagnostic_Criteria` (
  `participant_diagnostic_criteria_id` int NOT NULL AUTO_INCREMENT,
  `participant_id` int NOT NULL,
  `diagnostic_criteria_id` int NOT NULL,
  `met` varchar(10) DEFAULT NULL,
  PRIMARY KEY (`participant_diagnostic_criteria_id`),
  UNIQUE KEY `unique_participant_diagnostic` (`participant_id`,`diagnostic_criteria_id`),
  KEY `participant_diagnostic_criteria_diagnostic_criteria_id_foreign` (`diagnostic_criteria_id`),
  CONSTRAINT `participant_diagnostic_criteria_diagnostic_criteria_id_foreign` FOREIGN KEY (`diagnostic_criteria_id`) REFERENCES `Diagnostic_Criteria` (`diagnostic_criteria_id`),
  CONSTRAINT `participant_diagnostic_criteria_participant_id_foreign` FOREIGN KEY (`participant_id`) REFERENCES `Participant` (`participant_id`)
) ENGINE=InnoDB AUTO_INCREMENT=64 DEFAULT CHARSET=utf8mb4 COLLATE=utf8mb4_0900_ai_ci;
/*!40101 SET character_set_client = @saved_cs_client */;

--
-- Dumping data for table `Participant_Diagnostic_Criteria`
--

LOCK TABLES `Participant_Diagnostic_Criteria` WRITE;
/*!40000 ALTER TABLE `Participant_Diagnostic_Criteria` DISABLE KEYS */;
INSERT INTO `Participant_Diagnostic_Criteria` VALUES (1,1,1,'Yes'),(2,2,1,'Yes'),(3,3,1,'Yes'),(4,4,1,'Yes'),(5,5,1,'Yes'),(6,6,1,'Yes'),(7,7,1,'Yes'),(8,8,1,'Yes'),(9,9,1,'Yes'),(10,10,1,'No'),(11,11,1,''),(12,12,1,'No'),(13,13,1,''),(14,14,1,'Yes'),(15,15,1,'Yes'),(16,16,1,'Yes'),(17,17,1,'Yes'),(18,18,1,'No'),(19,19,1,'Yes'),(20,20,1,'Yes'),(21,21,1,'Yes'),(22,22,1,'Yes'),(23,23,1,'No'),(24,24,1,'Yes'),(25,25,1,'Yes'),(26,26,1,'No'),(27,27,1,'No'),(28,28,1,'No'),(29,29,1,'No'),(30,30,1,'Yes'),(31,31,1,'Yes'),(32,32,1,'Yes'),(33,33,1,'No'),(34,34,1,'Yes'),(35,35,1,'Yes'),(36,36,1,'No'),(37,37,1,''),(38,38,1,''),(39,39,1,'Yes'),(40,40,1,'Yes'),(41,41,1,'Yes'),(42,42,1,'Yes'),(43,43,1,'Yes'),(44,44,1,'No'),(45,45,1,'No'),(46,46,1,'No'),(47,47,1,'No');
/*!40000 ALTER TABLE `Participant_Diagnostic_Criteria` ENABLE KEYS */;
UNLOCK TABLES;

--
-- Table structure for table `Participant_Ethnicity`
--

DROP TABLE IF EXISTS `Participant_Ethnicity`;
/*!40101 SET @saved_cs_client     = @@character_set_client */;
/*!50503 SET character_set_client = utf8mb4 */;
CREATE TABLE `Participant_Ethnicity` (
  `participant_ethnicity_id` int NOT NULL AUTO_INCREMENT,
  `participant_id` int NOT NULL,
  `ethnicity_subtype_id` int NOT NULL,
  PRIMARY KEY (`participant_ethnicity_id`),
  UNIQUE KEY `unique_participant_ethnicity` (`participant_id`,`ethnicity_subtype_id`),
  KEY `participant_ethnicity_ethnicity_subtype_id_foreign` (`ethnicity_subtype_id`),
  CONSTRAINT `participant_ethnicity_ethnicity_subtype_id_foreign` FOREIGN KEY (`ethnicity_subtype_id`) REFERENCES `Ethnicity_Subtype` (`ethnicity_subtype_id`),
  CONSTRAINT `participant_ethnicity_participant_id_foreign` FOREIGN KEY (`participant_id`) REFERENCES `Participant` (`participant_id`)
) ENGINE=InnoDB AUTO_INCREMENT=64 DEFAULT CHARSET=utf8mb4 COLLATE=utf8mb4_0900_ai_ci;
/*!40101 SET character_set_client = @saved_cs_client */;

--
-- Dumping data for table `Participant_Ethnicity`
--

LOCK TABLES `Participant_Ethnicity` WRITE;
/*!40000 ALTER TABLE `Participant_Ethnicity` DISABLE KEYS */;
INSERT INTO `Participant_Ethnicity` VALUES (1,1,5),(2,2,1),(3,3,15),(4,4,10),(5,5,6),(6,6,15),(7,7,11),(8,8,14),(9,9,10),(10,10,10),(11,12,10),(12,14,3),(13,15,5),(14,16,12),(15,17,1),(16,18,6),(17,19,16),(18,20,6),(19,21,15),(20,22,11),(21,23,6),(22,24,6),(23,25,6),(24,26,6),(25,27,6),(26,28,17),(27,29,17),(28,30,3),(29,31,3),(30,32,12),(31,33,6),(32,34,6),(33,35,16),(34,36,16),(35,39,5),(36,40,6),(37,41,12),(38,42,6),(39,43,11),(40,44,6),(41,45,17),(42,46,17),(43,47,16);
/*!40000 ALTER TABLE `Participant_Ethnicity` ENABLE KEYS */;
UNLOCK TABLES;

--
-- Table structure for table `Participant_Medication`
--

DROP TABLE IF EXISTS `Participant_Medication`;
/*!40101 SET @saved_cs_client     = @@character_set_client */;
/*!50503 SET character_set_client = utf8mb4 */;
CREATE TABLE `Participant_Medication` (
  `participant_medication_id` int NOT NULL AUTO_INCREMENT,
  `participant_id` int NOT NULL,
  `medication_category_id` int DEFAULT NULL,
  `medication_name` varchar(255) DEFAULT NULL,
  `potency` varchar(50) DEFAULT NULL,
  `units` varchar(50) DEFAULT NULL,
  `frequency` varchar(50) DEFAULT NULL,
  `sequence` int NOT NULL,
  PRIMARY KEY (`participant_medication_id`),
  UNIQUE KEY `unique_participant_med_cat_seq` (`participant_id`,`medication_category_id`,`sequence`),
  KEY `fk_pm_medication_category` (`medication_category_id`),
  CONSTRAINT `fk_pm_medication_category` FOREIGN KEY (`medication_category_id`) REFERENCES `Medication_Category` (`medication_category_id`),
  CONSTRAINT `fk_pm_participant` FOREIGN KEY (`participant_id`) REFERENCES `Participant` (`participant_id`)
) ENGINE=InnoDB AUTO_INCREMENT=64 DEFAULT CHARSET=utf8mb4 COLLATE=utf8mb4_0900_ai_ci;
/*!40101 SET character_set_client = @saved_cs_client */;

--
-- Dumping data for table `Participant_Medication`
--

LOCK TABLES `Participant_Medication` WRITE;
/*!40000 ALTER TABLE `Participant_Medication` DISABLE KEYS */;
INSERT INTO `Participant_Medication` VALUES (1,1,1,'','Ultra-potent','','',1),(2,1,1,'','Potent','','',2),(3,2,1,'','Moderate','','',1),(4,2,1,'','Potent','','',2),(5,3,1,'','Moderate','','',1),(6,3,1,'','Potent','','',2),(7,4,1,'','Ultra-potent','','',1),(8,4,1,'','Potent','','',2),(9,5,1,'','Moderate','','',1),(10,6,1,'','Potent','','',1),(11,7,1,'','Ultra-potent','','',1),(12,7,1,'','Potent','','',2),(13,8,1,'','Potent','','',1),(14,9,1,'','Potent','','',1),(15,9,1,'','Mild','','',2),(16,14,1,'','Moderate','','',1),(17,14,1,'','Potent','','',2),(18,14,1,'','Potent','','',3),(19,15,1,'','Potent','','',1),(20,15,1,'','Ultra-potent','','',2),(21,16,1,'','Moderate','','',1),(22,16,1,'','Mild','','',2),(23,17,1,'','Moderate','','',1),(24,17,1,'','Potent','','',2),(25,19,1,'','Moderate','','',1),(26,19,1,'','Potent','','',2),(27,20,1,'','Moderate','','',1),(28,20,1,'','Potent','','',2),(29,20,1,'','Mild','','',3),(30,21,1,'','Moderate','','',1),(31,22,1,'','Ultra-potent','','',1),(32,22,1,'','Potent','','',2),(33,24,1,'','Moderate','','',1),(34,25,1,'','Moderate','','',1),(35,25,1,'','Potent','','',2),(36,30,1,'','Mild','','',1),(37,31,1,'','Potent','','',1),(38,31,1,'','Moderate','','',2),(39,32,1,'','Ultra-potent','','',1),(40,35,1,'','Moderate','','',1),(41,39,1,'','Potent','','',1),(42,39,1,'','Moderate','','',2),(43,40,1,'','Potent','','',1),(44,40,1,'','Potent','','',2),(45,41,1,'','Moderate','','',1),(46,41,1,'','Potent','','',2),(47,42,1,'','Ultra-potent','','',1),(48,42,1,'','Potent','','',2),(49,43,1,'','Ultra-potent','','',1),(50,3,2,'Tacrolimus 0.1%','','','',1),(51,7,2,'Tacrolimus 0.1%','','','',1),(52,16,2,'Tacrolimus 0.1%','','','',1),(53,17,2,'Tacrolimus 0.1%','','','',1),(54,34,2,'Pimecrolimus 1%','','','',1),(55,34,2,'Tacrolimus 0.1%','','','',2),(56,39,2,'Tacrolimus 0.1%','','','',1),(57,41,2,'Tacrolimus 0.1%','','','',1),(58,4,3,'Oral Methotrexate','','mg','Weekly',1),(59,32,3,'Subcutaneous Methotrexate','','mg','Weekly',1),(60,34,3,'Oral Methotrexate','','mg','Weekly',1),(61,41,3,'Other (please specify)','','mg','Other (please specify)',1),(62,42,3,'Oral Methotrexate','','mg','Weekly',1);
/*!40000 ALTER TABLE `Participant_Medication` ENABLE KEYS */;
UNLOCK TABLES;

--
-- Table structure for table `Visit`
--

DROP TABLE IF EXISTS `Visit`;
/*!40101 SET @saved_cs_client     = @@character_set_client */;
/*!50503 SET character_set_client = utf8mb4 */;
CREATE TABLE `Visit` (
  `visit_id` int NOT NULL AUTO_INCREMENT,
  `participant_id` int NOT NULL,
  `type` varchar(60) CHARACTER SET utf8mb4 COLLATE utf8mb4_0900_ai_ci DEFAULT NULL,
  `height` double DEFAULT NULL,
  `weight` double DEFAULT NULL,
  PRIMARY KEY (`visit_id`),
  UNIQUE KEY `unique_participant_visit_type` (`participant_id`,`type`),
  CONSTRAINT `visit_participant_id_foreign` FOREIGN KEY (`participant_id`) REFERENCES `Participant` (`participant_id`)
) ENGINE=InnoDB AUTO_INCREMENT=79 DEFAULT CHARSET=utf8mb4 COLLATE=utf8mb4_0900_ai_ci;
/*!40101 SET character_set_client = @saved_cs_client */;

--
-- Dumping data for table `Visit`
--

LOCK TABLES `Visit` WRITE;
/*!40000 ALTER TABLE `Visit` DISABLE KEYS */;
INSERT INTO `Visit` VALUES (16,1,'Baseline - Visit 1',171.3,98.55),(17,2,'Baseline - Visit 1',175.1,88.45),(18,3,'Baseline - Visit 1',166.6,59.4),(19,4,'Baseline - Visit 1',160.6,50.22),(20,4,'4-6 Month Followup - Visit 2',162.5,51.86),(21,5,'Baseline - Visit 1',147.2,36.35),(22,6,'Baseline - Visit 1',170,61.75),(23,7,'Baseline - Visit 1',165.5,63),(24,8,'Baseline - Visit 1',152.1,55.08),(25,9,'Baseline - Visit 1',173,49.4),(26,10,'Baseline - Visit 1',174,64.4),(27,11,'Baseline - Visit 1',NULL,NULL),(28,12,'Baseline - Visit 1',165.6,56.2),(29,13,'Baseline - Visit 1',NULL,NULL),(30,14,'Baseline - Visit 1',150.5,47.8),(31,15,'Baseline - Visit 1',166.5,68.3),(32,16,'Baseline - Visit 1',165.1,78.05),(33,17,'Baseline - Visit 1',NULL,NULL),(34,18,'Baseline - Visit 1',177.8,66.1),(35,19,'Baseline - Visit 1',150.9,55.86),(36,20,'Baseline - Visit 1',180,61.1),(37,21,'Baseline - Visit 1',162.9,54.1),(38,22,'Baseline - Visit 1',NULL,NULL),(39,23,'Baseline - Visit 1',164,58.7),(40,24,'Baseline - Visit 1',NULL,NULL),(41,25,'Baseline - Visit 1',171.5,58.9),(42,26,'Baseline - Visit 1',157.5,55.2),(43,27,'Baseline - Visit 1',185.42,68),(44,28,'Baseline - Visit 1',NULL,NULL),(45,29,'Baseline - Visit 1',180,70.1),(46,30,'Baseline - Visit 1',153.5,63.4),(47,31,'Baseline - Visit 1',NULL,NULL),(48,32,'Baseline - Visit 1',163.5,65.8),(49,32,'4-6 Month Followup - Visit 2',164.5,66.5),(50,33,'Baseline - Visit 1',177.6,53.14),(51,34,'Baseline - Visit 1',151.5,41.8),(52,34,'4-6 Month Followup - Visit 2',152.3,42.18),(53,35,'Baseline - Visit 1',159.3,44.8),(54,36,'Baseline - Visit 1',178,69.55),(55,37,'Baseline - Visit 1',NULL,NULL),(56,38,'Baseline - Visit 1',NULL,NULL),(57,39,'Baseline - Visit 1',NULL,NULL),(58,40,'Baseline - Visit 1',166.9,62.35),(59,41,'Baseline - Visit 1',141.5,59.7),(60,42,'Baseline - Visit 1',147.4,36.54),(61,43,'Baseline - Visit 1',173,58.2),(62,44,'Baseline - Visit 1',150.7,40.55),(63,45,'Baseline - Visit 1',175.1,59.5),(64,46,'Baseline - Visit 1',182.9,55.9),(65,47,'Baseline - Visit 1',165,49.1);
/*!40000 ALTER TABLE `Visit` ENABLE KEYS */;
UNLOCK TABLES;

--
-- Table structure for table `Visit_Measurement`
--

DROP TABLE IF EXISTS `Visit_Measurement`;
/*!40101 SET @saved_cs_client     = @@character_set_client */;
/*!50503 SET character_set_client = utf8mb4 */;
CREATE TABLE `Visit_Measurement` (
  `visit_measurement_id` int NOT NULL AUTO_INCREMENT,
  `visit_id` int NOT NULL,
  `measurement_id` int NOT NULL,
  `value` varchar(50) DEFAULT NULL,
  PRIMARY KEY (`visit_measurement_id`),
  UNIQUE KEY `unique_visit_measurement` (`visit_id`,`measurement_id`),
  KEY `visit_measurement_measurement_id_foreign` (`measurement_id`),
  CONSTRAINT `visit_measurement_measurement_id_foreign` FOREIGN KEY (`measurement_id`) REFERENCES `Measurement` (`measurement_id`),
  CONSTRAINT `visit_measurement_visit_id_foreign` FOREIGN KEY (`visit_id`) REFERENCES `Visit` (`visit_id`)
) ENGINE=InnoDB AUTO_INCREMENT=4096 DEFAULT CHARSET=utf8mb4 COLLATE=utf8mb4_0900_ai_ci;
/*!40101 SET character_set_client = @saved_cs_client */;

--
-- Dumping data for table `Visit_Measurement`
--

LOCK TABLES `Visit_Measurement` WRITE;
/*!40000 ALTER TABLE `Visit_Measurement` DISABLE KEYS */;
INSERT INTO `Visit_Measurement` VALUES (1,16,1,'LVF'),(2,17,1,'LVF'),(3,18,1,'LVF'),(4,19,1,'LVF'),(5,20,1,'RVF'),(6,21,1,'LVF'),(7,22,1,'LVF'),(8,23,1,'LVF'),(9,24,1,'LVF'),(10,25,1,''),(11,26,1,'RVF'),(12,27,1,''),(13,28,1,'LVF'),(14,29,1,''),(15,30,1,'LVF'),(16,31,1,'LVF'),(17,32,1,'RVF'),(18,33,1,'LVF'),(19,34,1,'LVF'),(20,35,1,'LVF'),(21,36,1,'RVF'),(22,37,1,'LVF'),(23,38,1,'LVF'),(24,39,1,'LVF'),(25,40,1,'LVF'),(26,41,1,'LVF'),(27,42,1,'LVF'),(28,43,1,'RVF'),(29,44,1,'LVF'),(30,45,1,'LVF'),(31,46,1,'LVF'),(32,47,1,'LVF'),(33,48,1,'LVF'),(34,49,1,'LVF'),(35,50,1,'LVF'),(36,51,1,'Other'),(37,52,1,'LVF'),(38,53,1,'LVF'),(39,54,1,'LVF'),(40,55,1,''),(41,56,1,''),(42,57,1,'LVF'),(43,58,1,'LVF'),(44,59,1,'LVF'),(45,60,1,'LVF'),(46,61,1,'Other'),(47,62,1,'LVF'),(48,63,1,'LVF'),(49,64,1,'LVF'),(50,65,1,'LVF'),(51,16,2,'21.134'),(52,17,2,'14.682'),(53,18,2,'15.345'),(54,19,2,'12.28'),(55,20,2,'14.95'),(56,21,2,'37.1'),(57,22,2,'15.3'),(58,23,2,'29.95'),(59,24,2,'16.07'),(60,25,2,'16.713'),(61,26,2,'9.097'),(62,27,2,''),(63,28,2,'15.91'),(64,29,2,''),(65,30,2,'21.533'),(66,31,2,'18.504'),(67,32,2,'14.96'),(68,33,2,'28.87'),(69,34,2,'13.03'),(70,35,2,'21.26'),(71,36,2,'8.4'),(72,37,2,'14.107'),(73,38,2,''),(74,39,2,'10.67'),(75,40,2,'18.03'),(76,41,2,'27'),(77,42,2,'16.8'),(78,43,2,'12.29'),(79,44,2,'18.02'),(80,45,2,'15.1'),(81,46,2,'18.16'),(82,47,2,'17.7'),(83,48,2,'20.56'),(84,49,2,'16.328'),(85,50,2,'11.01'),(86,51,2,'47.23'),(87,52,2,'15.172'),(88,53,2,'15.88'),(89,54,2,'28.2'),(90,55,2,''),(91,56,2,''),(92,57,2,'29.026'),(93,58,2,'16.274'),(94,59,2,'20.6'),(95,60,2,'36.802'),(96,61,2,'18.934'),(97,62,2,'12.117'),(98,63,2,'9.34'),(99,64,2,'13.614'),(100,65,2,'23.45'),(101,16,3,'24.561'),(102,17,3,'15.744'),(103,18,3,'16.196'),(104,19,3,'13'),(105,20,3,'15.79'),(106,21,3,'36.55'),(107,22,3,'16.84'),(108,23,3,'29.36'),(109,24,3,'19.27'),(110,25,3,'15.256'),(111,26,3,'9.798'),(112,27,3,''),(113,28,3,'16.25'),(114,29,3,''),(115,30,3,'28.332'),(116,31,3,'21.371'),(117,32,3,'13.1'),(118,33,3,'27.63'),(119,34,3,'14.78'),(120,35,3,'21.23'),(121,36,3,'14.5'),(122,37,3,'13.26'),(123,38,3,''),(124,39,3,'10.2'),(125,40,3,'17.25'),(126,41,3,'27.5'),(127,42,3,'18.2'),(128,43,3,'13'),(129,44,3,'17.46'),(130,45,3,'15.5'),(131,46,3,'19.07'),(132,47,3,'19.6'),(133,48,3,'21.41'),(134,49,3,'24.018'),(135,50,3,'12.43'),(136,51,3,'49.76'),(137,52,3,'22.97'),(138,53,3,'17.56'),(139,54,3,'29.5'),(140,55,3,''),(141,56,3,''),(142,57,3,'20.683'),(143,58,3,'17.689'),(144,59,3,'19.1'),(145,60,3,'35.743'),(146,61,3,'19.714'),(147,62,3,'11.809'),(148,63,3,'9.87'),(149,64,3,'15.738'),(150,65,3,'25.57'),(151,16,4,'23.505'),(152,17,4,'17.757'),(153,18,4,'16.16'),(154,19,4,''),(155,20,4,''),(156,21,4,''),(157,22,4,''),(158,23,4,''),(159,24,4,'19.22'),(160,25,4,''),(161,26,4,''),(162,27,4,''),(163,28,4,''),(164,29,4,''),(165,30,4,'24.822'),(166,31,4,'21.802'),(167,32,4,'14.92'),(168,33,4,''),(169,34,4,'16.53'),(170,35,4,''),(171,36,4,'13.9'),(172,37,4,''),(173,38,4,''),(174,39,4,''),(175,40,4,''),(176,41,4,'27.4'),(177,42,4,'18.1'),(178,43,4,''),(179,44,4,'17.11'),(180,45,4,''),(181,46,4,'19.2'),(182,47,4,''),(183,48,4,''),(184,49,4,'17.885'),(185,50,4,''),(186,51,4,''),(187,52,4,'24.517'),(188,53,4,'16.61'),(189,54,4,'29.5'),(190,55,4,''),(191,56,4,''),(192,57,4,'23.544'),(193,58,4,'18.283'),(194,59,4,'18.7'),(195,60,4,'37.24'),(196,61,4,''),(197,62,4,''),(198,63,4,''),(199,64,4,'14.283'),(200,65,4,''),(201,16,5,'Yes'),(202,17,5,'Yes'),(203,18,5,'Yes'),(204,19,5,'Yes'),(205,20,5,'Yes'),(206,21,5,'Yes'),(207,22,5,'Yes'),(208,23,5,'Yes'),(209,24,5,'Yes'),(210,25,5,'Yes'),(211,26,5,'Yes'),(212,27,5,''),(213,28,5,'Yes'),(214,29,5,''),(215,30,5,'Yes'),(216,31,5,'Yes'),(217,32,5,'Yes'),(218,33,5,'Yes'),(219,34,5,'Yes'),(220,35,5,'Yes'),(221,36,5,'Yes'),(222,37,5,'Yes'),(223,38,5,''),(224,39,5,'Yes'),(225,40,5,'Yes'),(226,41,5,'Yes'),(227,42,5,'Yes'),(228,43,5,'Yes'),(229,44,5,'Yes'),(230,45,5,'Yes'),(231,46,5,'Yes'),(232,47,5,'Yes'),(233,48,5,'Yes'),(234,49,5,'Yes'),(235,50,5,'Yes'),(236,51,5,'Yes'),(237,52,5,'Yes'),(238,53,5,'Yes'),(239,54,5,'Yes'),(240,55,5,''),(241,56,5,''),(242,57,5,'Yes'),(243,58,5,'Yes'),(244,59,5,'Yes'),(245,60,5,'Yes'),(246,61,5,'Yes'),(247,62,5,'Yes'),(248,63,5,'Yes'),(249,64,5,'Yes'),(250,65,5,'Yes'),(251,16,6,''),(252,17,6,''),(253,18,6,''),(254,19,6,''),(255,20,6,''),(256,21,6,''),(257,22,6,''),(258,23,6,''),(259,24,6,''),(260,25,6,''),(261,26,6,''),(262,27,6,''),(263,28,6,''),(264,29,6,''),(265,30,6,'23.5'),(266,31,6,''),(267,32,6,''),(268,33,6,''),(269,34,6,''),(270,35,6,'25.7'),(271,36,6,'26.5'),(272,37,6,'22.9'),(273,38,6,'27.1'),(274,39,6,'22.9'),(275,40,6,'24.3'),(276,41,6,'24.4'),(277,42,6,'25.3'),(278,43,6,''),(279,44,6,''),(280,45,6,''),(281,46,6,''),(282,47,6,'25.1'),(283,48,6,'22'),(284,49,6,'23.8'),(285,50,6,'24.6'),(286,51,6,'21.8'),(287,52,6,'26'),(288,53,6,'24.1'),(289,54,6,'24.6'),(290,55,6,''),(291,56,6,''),(292,57,6,'24.4'),(293,58,6,'25.5'),(294,59,6,'23.5'),(295,60,6,'27.1'),(296,61,6,'23.1'),(297,62,6,'22.1'),(298,63,6,'23.3'),(299,64,6,''),(300,65,6,'25.5'),(301,16,7,''),(302,17,7,''),(303,18,7,''),(304,19,7,''),(305,20,7,''),(306,21,7,''),(307,22,7,''),(308,23,7,''),(309,24,7,''),(310,25,7,''),(311,26,7,''),(312,27,7,''),(313,28,7,''),(314,29,7,''),(315,30,7,'53.9'),(316,31,7,''),(317,32,7,''),(318,33,7,''),(319,34,7,''),(320,35,7,'56.8'),(321,36,7,'58.2'),(322,37,7,'65.4'),(323,38,7,'55.4'),(324,39,7,'39.9'),(325,40,7,'58.7'),(326,41,7,'46.1'),(327,42,7,'36'),(328,43,7,''),(329,44,7,''),(330,45,7,''),(331,46,7,''),(332,47,7,'38.5'),(333,48,7,'38.4'),(334,49,7,'58.5'),(335,50,7,'42.2'),(336,51,7,'35.4'),(337,52,7,'49.8'),(338,53,7,'53.5'),(339,54,7,'51.8'),(340,55,7,''),(341,56,7,''),(342,57,7,'42.7'),(343,58,7,'47.6'),(344,59,7,'49'),(345,60,7,'42.8'),(346,61,7,'51.3'),(347,62,7,'48.8'),(348,63,7,'32.6'),(349,64,7,''),(350,65,7,'28.6'),(351,16,8,''),(352,17,8,''),(353,18,8,''),(354,19,8,''),(355,20,8,'RVF'),(356,21,8,''),(357,22,8,''),(358,23,8,''),(359,24,8,''),(360,25,8,'RVF'),(361,26,8,'RVF'),(362,27,8,''),(363,28,8,'LVF'),(364,29,8,''),(365,30,8,'LVF'),(366,31,8,'LVF'),(367,32,8,'RVF'),(368,33,8,'LVF'),(369,34,8,'LVF'),(370,35,8,'LVF'),(371,36,8,'RVF'),(372,37,8,'LVF'),(373,38,8,'LVF'),(374,39,8,'LVF'),(375,40,8,'LVF'),(376,41,8,'LVF'),(377,42,8,'LVF'),(378,43,8,'RVF'),(379,44,8,'LVF'),(380,45,8,'LVF'),(381,46,8,'LVF'),(382,47,8,'LVF'),(383,48,8,'LVF'),(384,49,8,'LVF'),(385,50,8,'LVF'),(386,51,8,'Other'),(387,52,8,'LVF'),(388,53,8,'LVF'),(389,54,8,'LVF'),(390,55,8,''),(391,56,8,''),(392,57,8,'LVF'),(393,58,8,'LVF'),(394,59,8,'LVF'),(395,60,8,'LVF'),(396,61,8,'Other'),(397,62,8,'LVF'),(398,63,8,'LVF'),(399,64,8,'LVF'),(400,65,8,''),(401,16,9,''),(402,17,9,''),(403,18,9,''),(404,19,9,''),(405,20,9,'6.2'),(406,21,9,''),(407,22,9,''),(408,23,9,''),(409,24,9,''),(410,25,9,'5.4'),(411,26,9,'5.7'),(412,27,9,''),(413,28,9,'5.5'),(414,29,9,''),(415,30,9,'5.4'),(416,31,9,'5.5'),(417,32,9,'6'),(418,33,9,'5.6'),(419,34,9,'5.9'),(420,35,9,'5.9'),(421,36,9,'6.9'),(422,37,9,'6.6'),(423,38,9,'5.3'),(424,39,9,'6.1'),(425,40,9,'5.2'),(426,41,9,'6.1'),(427,42,9,'5.7'),(428,43,9,'5.4'),(429,44,9,'5.6'),(430,45,9,'6.1'),(431,46,9,'6.2'),(432,47,9,'6.1'),(433,48,9,'6.5'),(434,49,9,'6.6'),(435,50,9,'5'),(436,51,9,'5.8'),(437,52,9,'6.4'),(438,53,9,'5.8'),(439,54,9,'5.2'),(440,55,9,''),(441,56,9,''),(442,57,9,'5.8'),(443,58,9,'7.1'),(444,59,9,'8.5'),(445,60,9,'5'),(446,61,9,'4.8'),(447,62,9,'4.6'),(448,63,9,'5.6'),(449,64,9,'6.1'),(450,65,9,''),(451,16,10,''),(452,17,10,''),(453,18,10,''),(454,19,10,''),(455,20,10,'6.1'),(456,21,10,''),(457,22,10,''),(458,23,10,''),(459,24,10,''),(460,25,10,'5.7'),(461,26,10,'5.7'),(462,27,10,''),(463,28,10,'5.4'),(464,29,10,''),(465,30,10,'5.3'),(466,31,10,'5.5'),(467,32,10,'6.4'),(468,33,10,'5.6'),(469,34,10,'5.9'),(470,35,10,'5.3'),(471,36,10,'6.5'),(472,37,10,'6.8'),(473,38,10,'5.2'),(474,39,10,'6.2'),(475,40,10,'5.1'),(476,41,10,'5.95'),(477,42,10,'6'),(478,43,10,'5.4'),(479,44,10,'5.7'),(480,45,10,'5.9'),(481,46,10,'6'),(482,47,10,'6.2'),(483,48,10,'6.7'),(484,49,10,'6.5'),(485,50,10,'4.9'),(486,51,10,'5.7'),(487,52,10,'6.3'),(488,53,10,'5.8'),(489,54,10,'5'),(490,55,10,''),(491,56,10,''),(492,57,10,'5.8'),(493,58,10,'6.8'),(494,59,10,'8.45'),(495,60,10,'5.25'),(496,61,10,'4.75'),(497,62,10,'4.7'),(498,63,10,'5'),(499,64,10,'6.2'),(500,65,10,''),(501,16,11,''),(502,17,11,''),(503,18,11,''),(504,19,11,''),(505,20,11,'6.1'),(506,21,11,''),(507,22,11,''),(508,23,11,''),(509,24,11,''),(510,25,11,''),(511,26,11,''),(512,27,11,''),(513,28,11,''),(514,29,11,''),(515,30,11,'5.4'),(516,31,11,'5.6'),(517,32,11,'6.5'),(518,33,11,'5.6'),(519,34,11,'5.9'),(520,35,11,'5.7'),(521,36,11,'6.2'),(522,37,11,'7.1'),(523,38,11,'5'),(524,39,11,'6.3'),(525,40,11,'5.1'),(526,41,11,'5.83'),(527,42,11,'5.9'),(528,43,11,'5.4'),(529,44,11,'5.67'),(530,45,11,'5.8'),(531,46,11,'5.9'),(532,47,11,'6.3'),(533,48,11,'6.7'),(534,49,11,'6.4'),(535,50,11,'4.8'),(536,51,11,''),(537,52,11,'6.4'),(538,53,11,'5.6'),(539,54,11,'4.9'),(540,55,11,''),(541,56,11,''),(542,57,11,'5.9'),(543,58,11,'6.5'),(544,59,11,'8.47'),(545,60,11,'5.3'),(546,61,11,'4.7'),(547,62,11,''),(548,63,11,'4.9'),(549,64,11,'6.4'),(550,65,11,''),(551,16,12,'17'),(552,17,12,'7.8'),(553,18,12,'3.6'),(554,19,12,'13.6'),(555,20,12,'12.8'),(556,21,12,'17.25'),(557,22,12,'0.8'),(558,23,12,'16.6'),(559,24,12,'2.2'),(560,25,12,'2.4'),(561,26,12,''),(562,27,12,''),(563,28,12,''),(564,29,12,''),(565,30,12,'3'),(566,31,12,'8.4'),(567,32,12,'2.3'),(568,33,12,'4.8'),(569,34,12,''),(570,35,12,''),(571,36,12,'5.2'),(572,37,12,'1.6'),(573,38,12,'2'),(574,39,12,''),(575,40,12,'1.3'),(576,41,12,'11.75'),(577,42,12,''),(578,43,12,''),(579,44,12,''),(580,45,12,''),(581,46,12,'3.4'),(582,47,12,'25.7'),(583,48,12,'30.9'),(584,49,12,'20.6'),(585,50,12,''),(586,51,12,'18.6'),(587,52,12,'2.4'),(588,53,12,'3.7'),(589,54,12,''),(590,55,12,''),(591,56,12,''),(592,57,12,'9.5'),(593,58,12,'20.5'),(594,59,12,'28.4'),(595,60,12,'10.2'),(596,61,12,'13'),(597,62,12,''),(598,63,12,''),(599,64,12,''),(600,65,12,''),(601,16,13,'24'),(602,17,13,'18'),(603,18,13,'0'),(604,19,13,'26'),(605,20,13,'15'),(606,21,13,'19'),(607,22,13,'22'),(608,23,13,'10'),(609,24,13,'4'),(610,25,13,'3'),(611,26,13,''),(612,27,13,''),(613,28,13,''),(614,29,13,''),(615,30,13,'6'),(616,31,13,'6'),(617,32,13,'6'),(618,33,13,'8'),(619,34,13,''),(620,35,13,'24'),(621,36,13,'22'),(622,37,13,'1'),(623,38,13,'15'),(624,39,13,''),(625,40,13,'6'),(626,41,13,'19'),(627,42,13,''),(628,43,13,''),(629,44,13,''),(630,45,13,''),(631,46,13,'7'),(632,47,13,'7'),(633,48,13,'12'),(634,49,13,'20'),(635,50,13,''),(636,51,13,'25'),(637,52,13,'4'),(638,53,13,'4'),(639,54,13,''),(640,55,13,''),(641,56,13,''),(642,57,13,'21'),(643,58,13,'28'),(644,59,13,'28'),(645,60,13,'20'),(646,61,13,'4'),(647,62,13,''),(648,63,13,''),(649,64,13,''),(650,65,13,''),(651,16,14,''),(652,17,14,''),(653,18,14,''),(654,19,14,''),(655,20,14,'5'),(656,21,14,''),(657,22,14,''),(658,23,14,''),(659,24,14,''),(660,25,14,''),(661,26,14,''),(662,27,14,''),(663,28,14,''),(664,29,14,''),(665,30,14,''),(666,31,14,''),(667,32,14,''),(668,33,14,''),(669,34,14,''),(670,35,14,''),(671,36,14,''),(672,37,14,'2.75'),(673,38,14,''),(674,39,14,''),(675,40,14,'1.5'),(676,41,14,'1.5'),(677,42,14,''),(678,43,14,''),(679,44,14,''),(680,45,14,''),(681,46,14,'15'),(682,47,14,'2.25'),(683,48,14,'3.25'),(684,49,14,'11'),(685,50,14,''),(686,51,14,''),(687,52,14,'10'),(688,53,14,'2.5'),(689,54,14,''),(690,55,14,''),(691,56,14,''),(692,57,14,'14'),(693,58,14,'18'),(694,59,14,'18'),(695,60,14,'5'),(696,61,14,'8'),(697,62,14,''),(698,63,14,''),(699,64,14,''),(700,65,14,''),(701,16,15,''),(702,17,15,''),(703,18,15,''),(704,19,15,''),(705,20,15,'5'),(706,21,15,''),(707,22,15,''),(708,23,15,''),(709,24,15,''),(710,25,15,''),(711,26,15,''),(712,27,15,''),(713,28,15,''),(714,29,15,''),(715,30,15,''),(716,31,15,''),(717,32,15,''),(718,33,15,''),(719,34,15,''),(720,35,15,''),(721,36,15,''),(722,37,15,'3'),(723,38,15,''),(724,39,15,''),(725,40,15,'3'),(726,41,15,'4'),(727,42,15,''),(728,43,15,''),(729,44,15,''),(730,45,15,''),(731,46,15,'8'),(732,47,15,'2'),(733,48,15,'5'),(734,49,15,'10'),(735,50,15,''),(736,51,15,''),(737,52,15,'5'),(738,53,15,'5'),(739,54,15,''),(740,55,15,''),(741,56,15,''),(742,57,15,'7'),(743,58,15,'6'),(744,59,15,'9'),(745,60,15,'10'),(746,61,15,'10'),(747,62,15,''),(748,63,15,''),(749,64,15,''),(750,65,15,''),(751,16,16,''),(752,17,16,''),(753,18,16,''),(754,19,16,''),(755,20,16,'4'),(756,21,16,''),(757,22,16,''),(758,23,16,''),(759,24,16,''),(760,25,16,''),(761,26,16,''),(762,27,16,''),(763,28,16,''),(764,29,16,''),(765,30,16,''),(766,31,16,''),(767,32,16,''),(768,33,16,''),(769,34,16,''),(770,35,16,''),(771,36,16,''),(772,37,16,'2.5'),(773,38,16,''),(774,39,16,''),(775,40,16,'1'),(776,41,16,'5'),(777,42,16,''),(778,43,16,''),(779,44,16,''),(780,45,16,''),(781,46,16,'6'),(782,47,16,'3.5'),(783,48,16,'4'),(784,49,16,'12'),(785,50,16,''),(786,51,16,''),(787,52,16,'2'),(788,53,16,'4.5'),(789,54,16,''),(790,55,16,''),(791,56,16,''),(792,57,16,'7'),(793,58,16,'6'),(794,59,16,'6'),(795,60,16,'8'),(796,61,16,'8'),(797,62,16,''),(798,63,16,''),(799,64,16,''),(800,65,16,''),(801,16,17,''),(802,17,17,''),(803,18,17,''),(804,19,17,''),(805,20,17,'23'),(806,21,17,''),(807,22,17,''),(808,23,17,''),(809,24,17,''),(810,25,17,''),(811,26,17,''),(812,27,17,''),(813,28,17,''),(814,29,17,''),(815,30,17,''),(816,31,17,''),(817,32,17,''),(818,33,17,''),(819,34,17,''),(820,35,17,''),(821,36,17,''),(822,37,17,'62'),(823,38,17,''),(824,39,17,''),(825,40,17,'39'),(826,41,17,'38'),(827,42,17,''),(828,43,17,''),(829,44,17,''),(830,45,17,''),(831,46,17,'9'),(832,47,17,'11'),(833,48,17,'14'),(834,49,17,'14'),(835,50,17,''),(836,51,17,'19'),(837,52,17,'18'),(838,53,17,'7'),(839,54,17,''),(840,55,17,''),(841,56,17,''),(842,57,17,'7'),(843,58,17,'1'),(844,59,17,'14'),(845,60,17,''),(846,61,17,'2'),(847,62,17,''),(848,63,17,''),(849,64,17,''),(850,65,17,''),(851,16,18,''),(852,17,18,''),(853,18,18,''),(854,19,18,''),(855,20,18,'39'),(856,21,18,''),(857,22,18,''),(858,23,18,''),(859,24,18,''),(860,25,18,''),(861,26,18,''),(862,27,18,''),(863,28,18,''),(864,29,18,''),(865,30,18,''),(866,31,18,''),(867,32,18,''),(868,33,18,''),(869,34,18,''),(870,35,18,''),(871,36,18,''),(872,37,18,'18'),(873,38,18,''),(874,39,18,''),(875,40,18,'19'),(876,41,18,'19'),(877,42,18,''),(878,43,18,''),(879,44,18,''),(880,45,18,''),(881,46,18,'8'),(882,47,18,'20'),(883,48,18,'32'),(884,49,18,'24'),(885,50,18,''),(886,51,18,'34'),(887,52,18,'25'),(888,53,18,'11'),(889,54,18,''),(890,55,18,''),(891,56,18,''),(892,57,18,'12'),(893,58,18,'3'),(894,59,18,'21'),(895,60,18,''),(896,61,18,'6'),(897,62,18,''),(898,63,18,''),(899,64,18,''),(900,65,18,''),(901,16,19,''),(902,17,19,''),(903,18,19,''),(904,19,19,''),(905,20,19,'62'),(906,21,19,''),(907,22,19,''),(908,23,19,''),(909,24,19,''),(910,25,19,''),(911,26,19,''),(912,27,19,''),(913,28,19,''),(914,29,19,''),(915,30,19,''),(916,31,19,''),(917,32,19,''),(918,33,19,''),(919,34,19,''),(920,35,19,''),(921,36,19,''),(922,37,19,'44'),(923,38,19,''),(924,39,19,''),(925,40,19,'20'),(926,41,19,'20'),(927,42,19,''),(928,43,19,''),(929,44,19,''),(930,45,19,''),(931,46,19,'17'),(932,47,19,'31'),(933,48,19,'46'),(934,49,19,'38'),(935,50,19,''),(936,51,19,'53'),(937,52,19,'43'),(938,53,19,'18'),(939,54,19,''),(940,55,19,''),(941,56,19,''),(942,57,19,'19'),(943,58,19,'4'),(944,59,19,'35'),(945,60,19,''),(946,61,19,'8'),(947,62,19,''),(948,63,19,''),(949,64,19,''),(950,65,19,''),(951,16,20,'7'),(952,17,20,'6'),(953,18,20,'0'),(954,19,20,'7'),(955,20,20,'5'),(956,21,20,'8'),(957,22,20,'8'),(958,23,20,'3'),(959,24,20,'3'),(960,25,20,'3'),(961,26,20,''),(962,27,20,''),(963,28,20,''),(964,29,20,''),(965,30,20,'4'),(966,31,20,'2'),(967,32,20,'3'),(968,33,20,'5'),(969,34,20,''),(970,35,20,'7'),(971,36,20,'6'),(972,37,20,'2'),(973,38,20,'5'),(974,39,20,''),(975,40,20,'4'),(976,41,20,'7'),(977,42,20,''),(978,43,20,''),(979,44,20,''),(980,45,20,''),(981,46,20,'4'),(982,47,20,'2'),(983,48,20,'7'),(984,49,20,'7'),(985,50,20,''),(986,51,20,'7'),(987,52,20,'3'),(988,53,20,'4'),(989,54,20,''),(990,55,20,''),(991,56,20,''),(992,57,20,'7'),(993,58,20,'10'),(994,59,20,'9'),(995,60,20,'6'),(996,61,20,'2'),(997,62,20,''),(998,63,20,''),(999,64,20,''),(1000,65,20,''),(1001,16,21,'DLQI (>16 years old, range 0-30)'),(1002,17,21,'DLQI (>16 years old, range 0-30)'),(1003,18,21,'CDLQI (<=16 years old, range 0-30)'),(1004,19,21,'DLQI (>16 years old, range 0-30)'),(1005,20,21,'DLQI (>16 years old, range 0-30)'),(1006,21,21,'CDLQI (<=16 years old, range 0-30)'),(1007,22,21,'DLQI (>16 years old, range 0-30)'),(1008,23,21,'CDLQI (<=16 years old, range 0-30)'),(1009,24,21,'DLQI (>16 years old, range 0-30)'),(1010,25,21,'DLQI (>16 years old, range 0-30)'),(1011,26,21,''),(1012,27,21,''),(1013,28,21,''),(1014,29,21,''),(1015,30,21,'CDLQI (<=16 years old, range 0-30)'),(1016,31,21,'DLQI (>16 years old, range 0-30)'),(1017,32,21,'DLQI (>16 years old, range 0-30)'),(1018,33,21,'CDLQI (<=16 years old, range 0-30)'),(1019,34,21,''),(1020,35,21,'CDLQI (<=16 years old, range 0-30)'),(1021,36,21,'CDLQI (<=16 years old, range 0-30)'),(1022,37,21,'CDLQI (<=16 years old, range 0-30)'),(1023,38,21,'CDLQI (<=16 years old, range 0-30)'),(1024,39,21,''),(1025,40,21,'DLQI (>16 years old, range 0-30)'),(1026,41,21,'CDLQI (<=16 years old, range 0-30)'),(1027,42,21,''),(1028,43,21,''),(1029,44,21,''),(1030,45,21,''),(1031,46,21,'CDLQI (<=16 years old, range 0-30)'),(1032,47,21,'CDLQI (<=16 years old, range 0-30)'),(1033,48,21,'CDLQI (<=16 years old, range 0-30)'),(1034,49,21,'CDLQI (<=16 years old, range 0-30)'),(1035,50,21,''),(1036,51,21,'CDLQI (<=16 years old, range 0-30)'),(1037,52,21,'DLQI (>16 years old, range 0-30)'),(1038,53,21,'CDLQI (<=16 years old, range 0-30)'),(1039,54,21,''),(1040,55,21,''),(1041,56,21,''),(1042,57,21,'CDLQI (<=16 years old, range 0-30)'),(1043,58,21,'CDLQI (<=16 years old, range 0-30)'),(1044,59,21,'CDLQI (<=16 years old, range 0-30)'),(1045,60,21,'CDLQI (<=16 years old, range 0-30)'),(1046,61,21,'CDLQI (<=16 years old, range 0-30)'),(1047,62,21,''),(1048,63,21,''),(1049,64,21,''),(1050,65,21,''),(1051,16,22,'13'),(1052,17,22,'15'),(1053,18,22,'2'),(1054,19,22,'8'),(1055,20,22,'7'),(1056,21,22,'11'),(1057,22,22,'6'),(1058,23,22,'9'),(1059,24,22,'6'),(1060,25,22,'1'),(1061,26,22,''),(1062,27,22,''),(1063,28,22,''),(1064,29,22,''),(1065,30,22,'1'),(1066,31,22,'1'),(1067,32,22,'5'),(1068,33,22,'6'),(1069,34,22,''),(1070,35,22,'6'),(1071,36,22,'10'),(1072,37,22,'4'),(1073,38,22,'7'),(1074,39,22,''),(1075,40,22,'4'),(1076,41,22,'11'),(1077,42,22,''),(1078,43,22,''),(1079,44,22,''),(1080,45,22,''),(1081,46,22,'2'),(1082,47,22,'1'),(1083,48,22,'9'),(1084,49,22,'5'),(1085,50,22,''),(1086,51,22,'20'),(1087,52,22,'4'),(1088,53,22,'4'),(1089,54,22,''),(1090,55,22,''),(1091,56,22,''),(1092,57,22,'8'),(1093,58,22,'21'),(1094,59,22,'16'),(1095,60,22,'17'),(1096,61,22,'1'),(1097,62,22,''),(1098,63,22,''),(1099,64,22,''),(1100,65,22,''),(1101,16,23,'0.58'),(1102,17,23,'0.85'),(1103,18,23,'0'),(1104,19,23,'0.38'),(1105,20,23,'0.67'),(1106,21,23,'0.4'),(1107,22,23,'0'),(1108,23,23,'0.14'),(1109,24,23,'0.33'),(1110,25,23,'0.38'),(1111,26,23,'0.31'),(1112,27,23,''),(1113,28,23,'0'),(1114,29,23,''),(1115,30,23,'0'),(1116,31,23,'0.24'),(1117,32,23,'0.09'),(1118,33,23,'0.14'),(1119,34,23,'0.29'),(1120,35,23,'0.25'),(1121,36,23,'0.55'),(1122,37,23,'0.09'),(1123,38,23,'0.6'),(1124,39,23,'0'),(1125,40,23,'0.25'),(1126,41,23,'0.31'),(1127,42,23,'0.09'),(1128,43,23,'0.05'),(1129,44,23,'0.29'),(1130,45,23,''),(1131,46,23,'0'),(1132,47,23,'0.14'),(1133,48,23,'0.31'),(1134,49,23,'0.05'),(1135,50,23,'0.36'),(1136,51,23,'0.18'),(1137,52,23,'0.27'),(1138,53,23,'0.09'),(1139,54,23,'0.09'),(1140,55,23,''),(1141,56,23,''),(1142,57,23,'0.19'),(1143,58,23,'0.5'),(1144,59,23,'0.27'),(1145,60,23,'0.55'),(1146,61,23,'0.05'),(1147,62,23,'0.19'),(1148,63,23,'0'),(1149,64,23,'0'),(1150,65,23,'0.136'),(1151,16,24,'0.75'),(1152,17,24,'1'),(1153,18,24,'0'),(1154,19,24,'0.5'),(1155,20,24,'0.25'),(1156,21,24,'0.33'),(1157,22,24,'0'),(1158,23,24,'0'),(1159,24,24,'0.75'),(1160,25,24,'0.5'),(1161,26,24,'0.5'),(1162,27,24,''),(1163,28,24,'0'),(1164,29,24,''),(1165,30,24,'0'),(1166,31,24,'0'),(1167,32,24,'0'),(1168,33,24,'0.33'),(1169,34,24,'0'),(1170,35,24,'0.75'),(1171,36,24,'0.75'),(1172,37,24,'0'),(1173,38,24,'1'),(1174,39,24,'0'),(1175,40,24,'0.5'),(1176,41,24,'0.5'),(1177,42,24,'0'),(1178,43,24,'0'),(1179,44,24,'1'),(1180,45,24,''),(1181,46,24,'0'),(1182,47,24,'0'),(1183,48,24,'0.25'),(1184,49,24,'0.25'),(1185,50,24,'0.75'),(1186,51,24,'1'),(1187,52,24,'1'),(1188,53,24,'0'),(1189,54,24,'0'),(1190,55,24,''),(1191,56,24,''),(1192,57,24,'0.25'),(1193,58,24,'1'),(1194,59,24,'0.5'),(1195,60,24,'1'),(1196,61,24,'0'),(1197,62,24,'0'),(1198,63,24,'0'),(1199,64,24,'0'),(1200,65,24,'0'),(1201,16,25,'0.33'),(1202,17,25,'1'),(1203,18,25,'0'),(1204,19,25,'0.5'),(1205,20,25,'0.83'),(1206,21,25,'0.38'),(1207,22,25,'0'),(1208,23,25,'0.25'),(1209,24,25,'0.88'),(1210,25,25,'0.5'),(1211,26,25,'0.5'),(1212,27,25,''),(1213,28,25,'0'),(1214,29,25,''),(1215,30,25,'0'),(1216,31,25,'0.13'),(1217,32,25,'0'),(1218,33,25,'0'),(1219,34,25,'0.13'),(1220,35,25,'0.83'),(1221,36,25,'0.63'),(1222,37,25,'0'),(1223,38,25,'0.5'),(1224,39,25,''),(1225,40,25,'1'),(1226,41,25,'0.8'),(1227,42,25,'0.38'),(1228,43,25,'0'),(1229,44,25,'0.5'),(1230,45,25,''),(1231,46,25,'0.17'),(1232,47,25,'0.63'),(1233,48,25,'0'),(1234,49,25,'0.25'),(1235,50,25,'0.13'),(1236,51,25,'0.25'),(1237,52,25,'0.25'),(1238,53,25,'0.25'),(1239,54,25,'0'),(1240,55,25,''),(1241,56,25,''),(1242,57,25,'0.25'),(1243,58,25,'1'),(1244,59,25,'0.43'),(1245,60,25,'1'),(1246,61,25,'0'),(1247,62,25,'0'),(1248,63,25,'0'),(1249,64,25,'0'),(1250,65,25,'0'),(1251,16,26,'21'),(1252,17,26,'30'),(1253,18,26,'10'),(1254,19,26,'20'),(1255,20,26,'24'),(1256,21,26,'22'),(1257,22,26,'11'),(1258,23,26,'16'),(1259,24,26,'21'),(1260,25,26,'21'),(1261,26,26,'23'),(1262,27,26,''),(1263,28,26,'9'),(1264,29,26,''),(1265,30,26,'7'),(1266,31,26,''),(1267,32,26,'13'),(1268,33,26,'9'),(1269,34,26,''),(1270,35,26,'22'),(1271,36,26,'25'),(1272,37,26,'12'),(1273,38,26,'25'),(1274,39,26,'10'),(1275,40,26,'14'),(1276,41,26,'14'),(1277,42,26,'13'),(1278,43,26,'10'),(1279,44,26,'17'),(1280,45,26,''),(1281,46,26,''),(1282,47,26,'13'),(1283,48,26,'23'),(1284,49,26,'21'),(1285,50,26,'26'),(1286,51,26,'23'),(1287,52,26,'17'),(1288,53,26,'12'),(1289,54,26,'13'),(1290,55,26,''),(1291,56,26,''),(1292,57,26,'14'),(1293,58,26,'31'),(1294,59,26,'21'),(1295,60,26,'31'),(1296,61,26,'11'),(1297,62,26,'12'),(1298,63,26,'9'),(1299,64,26,'12'),(1300,65,26,'12'),(1301,16,27,'86'),(1302,17,27,'100'),(1303,18,27,'50'),(1304,19,27,'82'),(1305,20,27,'95'),(1306,21,27,'89'),(1307,22,27,'54'),(1308,23,27,'70'),(1309,24,27,'86'),(1310,25,27,'86'),(1311,26,27,'93'),(1312,27,27,''),(1313,28,27,'47'),(1314,29,27,''),(1315,30,27,'41'),(1316,31,27,''),(1317,32,27,'60'),(1318,33,27,'47'),(1319,34,27,''),(1320,35,27,'89'),(1321,36,27,'99'),(1322,37,27,'58'),(1323,38,27,'99'),(1324,39,27,'50'),(1325,40,27,'64'),(1326,41,27,'64'),(1327,42,27,'60'),(1328,43,27,'50'),(1329,44,27,'73'),(1330,45,27,''),(1331,46,27,''),(1332,47,27,'60'),(1333,48,27,'93'),(1334,49,27,'86'),(1335,50,27,'100'),(1336,51,27,'93'),(1337,52,27,'73'),(1338,53,27,'58'),(1339,54,27,'60'),(1340,55,27,''),(1341,56,27,''),(1342,57,27,'64'),(1343,58,27,'100'),(1344,59,27,'86'),(1345,60,27,'100'),(1346,61,27,'54'),(1347,62,27,'58'),(1348,63,27,'47'),(1349,64,27,'58'),(1350,65,27,'58'),(1351,16,28,'7'),(1352,17,28,'7'),(1353,18,28,'3'),(1354,19,28,'5'),(1355,20,28,'4'),(1356,21,28,'3'),(1357,22,28,'4'),(1358,23,28,'3'),(1359,24,28,'3'),(1360,25,28,'3'),(1361,26,28,'3'),(1362,27,28,''),(1363,28,28,'5'),(1364,29,28,''),(1365,30,28,'3'),(1366,31,28,''),(1367,32,28,'3'),(1368,33,28,'3'),(1369,34,28,''),(1370,35,28,'3'),(1371,36,28,'4'),(1372,37,28,'3'),(1373,38,28,'3'),(1374,39,28,'3'),(1375,40,28,'4'),(1376,41,28,'4'),(1377,42,28,'4'),(1378,43,28,'3'),(1379,44,28,'4'),(1380,45,28,''),(1381,46,28,''),(1382,47,28,'5'),(1383,48,28,'6'),(1384,49,28,'4'),(1385,50,28,'3'),(1386,51,28,'3'),(1387,52,28,'3'),(1388,53,28,'3'),(1389,54,28,'3'),(1390,55,28,''),(1391,56,28,''),(1392,57,28,'3'),(1393,58,28,'4'),(1394,59,28,'3'),(1395,60,28,'3'),(1396,61,28,'3'),(1397,62,28,'3'),(1398,63,28,'3'),(1399,64,28,'3'),(1400,65,28,'4'),(1401,16,29,'72'),(1402,17,29,'72'),(1403,18,29,'45'),(1404,19,29,'58'),(1405,20,29,'51'),(1406,21,29,'45'),(1407,22,29,'51'),(1408,23,29,'45'),(1409,24,29,'45'),(1410,25,29,'45'),(1411,26,29,'45'),(1412,27,29,''),(1413,28,29,'58'),(1414,29,29,''),(1415,30,29,'45'),(1416,31,29,''),(1417,32,29,'45'),(1418,33,29,'45'),(1419,34,29,''),(1420,35,29,'45'),(1421,36,29,'51'),(1422,37,29,'45'),(1423,38,29,'45'),(1424,39,29,'45'),(1425,40,29,'51'),(1426,41,29,'51'),(1427,42,29,'51'),(1428,43,29,'45'),(1429,44,29,'51'),(1430,45,29,''),(1431,46,29,''),(1432,47,29,'58'),(1433,48,29,'64'),(1434,49,29,'51'),(1435,50,29,'45'),(1436,51,29,'45'),(1437,52,29,'45'),(1438,53,29,'45'),(1439,54,29,'45'),(1440,55,29,''),(1441,56,29,''),(1442,57,29,'45'),(1443,58,29,'51'),(1444,59,29,'45'),(1445,60,29,'45'),(1446,61,29,'45'),(1447,62,29,'45'),(1448,63,29,'45'),(1449,64,29,'45'),(1450,65,29,'51'),(1451,16,30,'3'),(1452,17,30,'3'),(1453,18,30,'3'),(1454,19,30,'3'),(1455,20,30,'5'),(1456,21,30,'4'),(1457,22,30,'3'),(1458,23,30,'3'),(1459,24,30,'5'),(1460,25,30,'3'),(1461,26,30,'3'),(1462,27,30,''),(1463,28,30,'3'),(1464,29,30,''),(1465,30,30,'3'),(1466,31,30,''),(1467,32,30,'3'),(1468,33,30,'3'),(1469,34,30,''),(1470,35,30,'3'),(1471,36,30,'3'),(1472,37,30,'4'),(1473,38,30,'3'),(1474,39,30,'3'),(1475,40,30,'6'),(1476,41,30,'4'),(1477,42,30,'3'),(1478,43,30,'3'),(1479,44,30,'5'),(1480,45,30,''),(1481,46,30,''),(1482,47,30,'3'),(1483,48,30,'4'),(1484,49,30,'3'),(1485,50,30,'4'),(1486,51,30,'3'),(1487,52,30,'3'),(1488,53,30,'3'),(1489,54,30,'3'),(1490,55,30,''),(1491,56,30,''),(1492,57,30,'3'),(1493,58,30,'4'),(1494,59,30,'6'),(1495,60,30,'3'),(1496,61,30,'3'),(1497,62,30,'3'),(1498,63,30,'3'),(1499,64,30,'3'),(1500,65,30,'3'),(1501,16,31,'47'),(1502,17,31,'47'),(1503,18,31,'47'),(1504,19,31,'47'),(1505,20,31,'70'),(1506,21,31,'58'),(1507,22,31,'47'),(1508,23,31,'47'),(1509,24,31,'70'),(1510,25,31,'47'),(1511,26,31,'47'),(1512,27,31,''),(1513,28,31,'47'),(1514,29,31,''),(1515,30,31,'47'),(1516,31,31,''),(1517,32,31,'47'),(1518,33,31,'47'),(1519,34,31,''),(1520,35,31,'47'),(1521,36,31,'47'),(1522,37,31,'58'),(1523,38,31,'47'),(1524,39,31,'47'),(1525,40,31,'82'),(1526,41,31,'58'),(1527,42,31,'47'),(1528,43,31,'47'),(1529,44,31,'70'),(1530,45,31,''),(1531,46,31,''),(1532,47,31,'47'),(1533,48,31,'58'),(1534,49,31,'47'),(1535,50,31,'58'),(1536,51,31,'47'),(1537,52,31,'47'),(1538,53,31,'47'),(1539,54,31,'47'),(1540,55,31,''),(1541,56,31,''),(1542,57,31,'47'),(1543,58,31,'58'),(1544,59,31,'82'),(1545,60,31,'47'),(1546,61,31,'47'),(1547,62,31,'47'),(1548,63,31,'47'),(1549,64,31,'47'),(1550,65,31,'47'),(1551,16,32,'11'),(1552,17,32,'6'),(1553,18,32,'6'),(1554,19,32,'15'),(1555,20,32,'24'),(1556,21,32,'16'),(1557,22,32,'9'),(1558,23,32,'6'),(1559,24,32,'11'),(1560,25,32,'13'),(1561,26,32,'7'),(1562,27,32,''),(1563,28,32,'8'),(1564,29,32,''),(1565,30,32,'6'),(1566,31,32,''),(1567,32,32,'9'),(1568,33,32,'6'),(1569,34,32,''),(1570,35,32,'12'),(1571,36,32,'11'),(1572,37,32,'11'),(1573,38,32,'7'),(1574,39,32,'6'),(1575,40,32,'11'),(1576,41,32,'13'),(1577,42,32,'7'),(1578,43,32,'6'),(1579,44,32,'10'),(1580,45,32,''),(1581,46,32,''),(1582,47,32,'9'),(1583,48,32,'13'),(1584,49,32,'12'),(1585,50,32,'15'),(1586,51,32,'18'),(1587,52,32,'15'),(1588,53,32,'16'),(1589,54,32,'9'),(1590,55,32,''),(1591,56,32,''),(1592,57,32,'10'),(1593,58,32,'19'),(1594,59,32,'11'),(1595,60,32,'24'),(1596,61,32,'6'),(1597,62,32,'6'),(1598,63,32,'6'),(1599,64,32,'6'),(1600,65,32,'8'),(1601,16,33,'62'),(1602,17,33,'41'),(1603,18,33,'41'),(1604,19,33,'79'),(1605,20,33,'100'),(1606,21,33,'84'),(1607,22,33,'54'),(1608,23,33,'41'),(1609,24,33,'62'),(1610,25,33,'70'),(1611,26,33,'45'),(1612,27,33,''),(1613,28,33,'50'),(1614,29,33,''),(1615,30,33,'41'),(1616,31,33,''),(1617,32,33,'54'),(1618,33,33,'41'),(1619,34,33,''),(1620,35,33,'66'),(1621,36,33,'62'),(1622,37,33,'62'),(1623,38,33,'45'),(1624,39,33,'41'),(1625,40,33,'62'),(1626,41,33,'70'),(1627,42,33,'45'),(1628,43,33,'41'),(1629,44,33,'58'),(1630,45,33,''),(1631,46,33,''),(1632,47,33,'54'),(1633,48,33,'70'),(1634,49,33,'66'),(1635,50,33,'79'),(1636,51,33,'93'),(1637,52,33,'79'),(1638,53,33,'84'),(1639,54,33,'54'),(1640,55,33,''),(1641,56,33,''),(1642,57,33,'58'),(1643,58,33,'95'),(1644,59,33,'62'),(1645,60,33,'100'),(1646,61,33,'41'),(1647,62,33,'41'),(1648,63,33,'41'),(1649,64,33,'41'),(1650,65,33,'50'),(1651,16,34,'11'),(1652,17,34,'17'),(1653,18,34,'5'),(1654,19,34,'7'),(1655,20,34,'12'),(1656,21,34,'10'),(1657,22,34,'6'),(1658,23,34,'8'),(1659,24,34,'13'),(1660,25,34,'14'),(1661,26,34,'6'),(1662,27,34,''),(1663,28,34,'8'),(1664,29,34,''),(1665,30,34,'5'),(1666,31,34,''),(1667,32,34,'14'),(1668,33,34,'9'),(1669,34,34,''),(1670,35,34,'9'),(1671,36,34,'13'),(1672,37,34,'7'),(1673,38,34,'16'),(1674,39,34,'7'),(1675,40,34,'11'),(1676,41,34,'8'),(1677,42,34,'8'),(1678,43,34,'9'),(1679,44,34,'14'),(1680,45,34,''),(1681,46,34,''),(1682,47,34,'7'),(1683,48,34,'10'),(1684,49,34,'9'),(1685,50,34,'13'),(1686,51,34,'19'),(1687,52,34,'14'),(1688,53,34,'6'),(1689,54,34,'6'),(1690,55,34,''),(1691,56,34,''),(1692,57,34,'9'),(1693,58,34,'20'),(1694,59,34,'12'),(1695,60,34,'19'),(1696,61,34,'5'),(1697,62,34,'8'),(1698,63,34,'5'),(1699,64,34,'5'),(1700,65,34,'7'),(1701,16,35,'64'),(1702,17,35,'88'),(1703,18,35,'42'),(1704,19,35,'50'),(1705,20,35,'69'),(1706,21,35,'62'),(1707,22,35,'46'),(1708,23,35,'53'),(1709,24,35,'73'),(1710,25,35,'77'),(1711,26,35,'46'),(1712,27,35,''),(1713,28,35,'53'),(1714,29,35,''),(1715,30,35,'42'),(1716,31,35,''),(1717,32,35,'77'),(1718,33,35,'58'),(1719,34,35,''),(1720,35,35,'58'),(1721,36,35,'73'),(1722,37,35,'50'),(1723,38,35,'85'),(1724,39,35,'50'),(1725,40,35,'64'),(1726,41,35,'53'),(1727,42,35,'53'),(1728,43,35,'58'),(1729,44,35,'77'),(1730,45,35,''),(1731,46,35,''),(1732,47,35,'50'),(1733,48,35,'62'),(1734,49,35,'58'),(1735,50,35,'73'),(1736,51,35,'95'),(1737,52,35,'77'),(1738,53,35,'46'),(1739,54,35,'46'),(1740,55,35,''),(1741,56,35,''),(1742,57,35,'58'),(1743,58,35,'100'),(1744,59,35,'69'),(1745,60,35,'95'),(1746,61,35,'42'),(1747,62,35,'53'),(1748,63,35,'42'),(1749,64,35,'42'),(1750,65,35,'50'),(1751,16,36,'9'),(1752,17,36,'2'),(1753,18,36,'3'),(1754,19,36,'3'),(1755,20,36,'3'),(1756,21,36,'5'),(1757,22,36,'4'),(1758,23,36,'2'),(1759,24,36,'3'),(1760,25,36,'3'),(1761,26,36,'2'),(1762,27,36,''),(1763,28,36,'2'),(1764,29,36,''),(1765,30,36,'2'),(1766,31,36,''),(1767,32,36,'3'),(1768,33,36,'2'),(1769,34,36,''),(1770,35,36,'2'),(1771,36,36,'4'),(1772,37,36,'2'),(1773,38,36,'2'),(1774,39,36,'2'),(1775,40,36,'6'),(1776,41,36,'2'),(1777,42,36,'2'),(1778,43,36,'2'),(1779,44,36,'2'),(1780,45,36,''),(1781,46,36,''),(1782,47,36,'2'),(1783,48,36,'2'),(1784,49,36,'2'),(1785,50,36,'6'),(1786,51,36,'5'),(1787,52,36,'10'),(1788,53,36,'2'),(1789,54,36,'2'),(1790,55,36,''),(1791,56,36,''),(1792,57,36,'2'),(1793,58,36,'7'),(1794,59,36,'2'),(1795,60,36,'8'),(1796,61,36,'2'),(1797,62,36,'2'),(1798,63,36,'3'),(1799,64,36,'2'),(1800,65,36,'2'),(1801,16,37,'86'),(1802,17,37,'45'),(1803,18,37,'51'),(1804,19,37,'51'),(1805,20,37,'51'),(1806,21,37,'64'),(1807,22,37,'58'),(1808,23,37,'45'),(1809,24,37,'51'),(1810,25,37,'51'),(1811,26,37,'45'),(1812,27,37,''),(1813,28,37,'45'),(1814,29,37,''),(1815,30,37,'45'),(1816,31,37,''),(1817,32,37,'51'),(1818,33,37,'45'),(1819,34,37,''),(1820,35,37,'45'),(1821,36,37,'58'),(1822,37,37,'45'),(1823,38,37,'45'),(1824,39,37,'45'),(1825,40,37,'69'),(1826,41,37,'45'),(1827,42,37,'45'),(1828,43,37,'45'),(1829,44,37,'45'),(1830,45,37,''),(1831,46,37,''),(1832,47,37,'45'),(1833,48,37,'45'),(1834,49,37,'45'),(1835,50,37,'69'),(1836,51,37,'64'),(1837,52,37,'93'),(1838,53,37,'45'),(1839,54,37,'45'),(1840,55,37,''),(1841,56,37,''),(1842,57,37,'45'),(1843,58,37,'75'),(1844,59,37,'45'),(1845,60,37,'80'),(1846,61,37,'45'),(1847,62,37,'45'),(1848,63,37,'51'),(1849,64,37,'45'),(1850,65,37,'45'),(1851,16,38,'62'),(1852,17,38,'65'),(1853,18,38,'30'),(1854,19,38,'53'),(1855,20,38,'72'),(1856,21,38,'60'),(1857,22,38,'37'),(1858,23,38,'38'),(1859,24,38,'56'),(1860,25,38,'57'),(1861,26,38,'43'),(1862,27,38,''),(1863,28,38,'35'),(1864,29,38,''),(1865,30,38,'26'),(1866,31,38,''),(1867,32,38,'45'),(1868,33,38,'32'),(1869,34,38,''),(1870,35,38,'51'),(1871,36,38,'60'),(1872,37,38,'39'),(1873,38,38,'56'),(1874,39,38,'31'),(1875,40,38,'52'),(1876,41,38,'45'),(1877,42,38,'37'),(1878,43,38,'33'),(1879,44,38,'52'),(1880,45,38,''),(1881,46,38,''),(1882,47,38,'39'),(1883,48,38,''),(1884,49,38,'51'),(1885,50,38,'67'),(1886,51,38,'71'),(1887,52,38,'62'),(1888,53,38,'42'),(1889,54,38,'36'),(1890,55,38,''),(1891,56,38,''),(1892,57,38,'41'),(1893,58,38,'85'),(1894,59,38,'55'),(1895,60,38,'88'),(1896,61,38,'30'),(1897,62,38,'34'),(1898,63,38,'29'),(1899,64,38,'31'),(1900,65,38,'36'),(1901,16,39,'85'),(1902,17,39,'89'),(1903,18,39,'43'),(1904,19,39,'73'),(1905,20,39,'99'),(1906,21,39,'82'),(1907,22,39,'53'),(1908,23,39,'54'),(1909,24,39,'77'),(1910,25,39,'79'),(1911,26,39,'60'),(1912,27,39,''),(1913,28,39,'50'),(1914,29,39,''),(1915,30,39,'38'),(1916,31,39,''),(1917,32,39,'63'),(1918,33,39,'46'),(1919,34,39,''),(1920,35,39,'70'),(1921,36,39,'82'),(1922,37,39,'55'),(1923,38,39,'77'),(1924,39,39,'45'),(1925,40,39,'72'),(1926,41,39,'63'),(1927,42,39,'53'),(1928,43,39,'47'),(1929,44,39,'72'),(1930,45,39,''),(1931,46,39,''),(1932,47,39,'55'),(1933,48,39,''),(1934,49,39,'70'),(1935,50,39,'93'),(1936,51,39,'98'),(1937,52,39,'85'),(1938,53,39,'59'),(1939,54,39,'51'),(1940,55,39,''),(1941,56,39,''),(1942,57,39,'58'),(1943,58,39,'100'),(1944,59,39,'76'),(1945,60,39,'100'),(1946,61,39,'43'),(1947,62,39,'49'),(1948,63,39,'42'),(1949,64,39,'45'),(1950,65,39,'51'),(1951,16,40,'100'),(1952,17,40,'75'),(1953,18,40,'71.5'),(1954,19,40,'100'),(1955,20,40,'100'),(1956,21,40,'100'),(1957,22,40,'100'),(1958,23,40,'100'),(1959,24,40,'100'),(1960,25,40,'100'),(1961,26,40,'100'),(1962,27,40,''),(1963,28,40,'100'),(1964,29,40,''),(1965,30,40,'-25'),(1966,31,40,''),(1967,32,40,'100'),(1968,33,40,'100'),(1969,34,40,'-25'),(1970,35,40,'100'),(1971,36,40,'42.75'),(1972,37,40,'14.25'),(1973,38,40,'100'),(1974,39,40,'100'),(1975,40,40,'100'),(1976,41,40,'100'),(1977,42,40,'66.75'),(1978,43,40,'71.5'),(1979,44,40,'-42.75'),(1980,45,40,'-50'),(1981,46,40,'100'),(1982,47,40,'20'),(1983,48,40,'100'),(1984,49,40,'100'),(1985,50,40,'100'),(1986,51,40,'100'),(1987,52,40,'100'),(1988,53,40,'100'),(1989,54,40,'100'),(1990,55,40,''),(1991,56,40,''),(1992,57,40,'-71.5'),(1993,58,40,'100'),(1994,59,40,'100'),(1995,60,40,'100'),(1996,61,40,'75'),(1997,62,40,'100'),(1998,63,40,'100'),(1999,64,40,'100'),(2000,65,40,'100'),(2001,16,41,'79'),(2002,17,41,'93'),(2003,18,41,'126'),(2004,19,41,'102'),(2005,20,41,''),(2006,21,41,'96'),(2007,22,41,'91'),(2008,23,41,'100'),(2009,24,41,'105'),(2010,25,41,'113'),(2011,26,41,'119'),(2012,27,41,''),(2013,28,41,'113'),(2014,29,41,''),(2015,30,41,'114'),(2016,31,41,'103'),(2017,32,41,'103'),(2018,33,41,'116'),(2019,34,41,'118'),(2020,35,41,'90'),(2021,36,41,'132'),(2022,37,41,'94'),(2023,38,41,'101'),(2024,39,41,'124'),(2025,40,41,''),(2026,41,41,'114'),(2027,42,41,'94'),(2028,43,41,'106'),(2029,44,41,'98'),(2030,45,41,'115'),(2031,46,41,'95'),(2032,47,41,'105'),(2033,48,41,'118'),(2034,49,41,''),(2035,50,41,'106'),(2036,51,41,'112'),(2037,52,41,''),(2038,53,41,'105'),(2039,54,41,'128'),(2040,55,41,''),(2041,56,41,''),(2042,57,41,'101'),(2043,58,41,'72'),(2044,59,41,'93'),(2045,60,41,'92'),(2046,61,41,'106'),(2047,62,41,'135'),(2048,63,41,'111'),(2049,64,41,'92'),(2050,65,41,''),(2051,16,42,'422.057142857143'),(2052,17,42,'362.129496402878'),(2053,18,42,'308.269841269841'),(2054,19,42,'365.220588235294'),(2055,20,42,'303.778571428571'),(2056,21,42,'438.730769230769'),(2057,22,42,'386.15503875969'),(2058,23,42,'335.838461538462'),(2059,24,42,'316.817518248175'),(2060,25,42,'299.553956834532'),(2061,26,42,'379.871428571429'),(2062,27,42,''),(2063,28,42,'408.307142857143'),(2064,29,42,''),(2065,30,42,'334.4'),(2066,31,42,''),(2067,32,42,'334.202898550725'),(2068,33,42,''),(2069,34,42,'311.371428571429'),(2070,35,42,'352.478260869565'),(2071,36,42,'366.159090909091'),(2072,37,42,'292.754385964912'),(2073,38,42,'316.575'),(2074,39,42,'341.192857142857'),(2075,40,42,''),(2076,41,42,'310.614814814815'),(2077,42,42,'363.323741007194'),(2078,43,42,'316.712230215827'),(2079,44,42,'295.045454545455'),(2080,45,42,'292.739130434783'),(2081,46,42,'357.311594202899'),(2082,47,42,'329.051851851852'),(2083,48,42,'367.237410071942'),(2084,49,42,'373.26618705036'),(2085,50,42,'292.420289855072'),(2086,51,42,'343.285714285714'),(2087,52,42,'337.152173913043'),(2088,53,42,'316.355555555556'),(2089,54,42,'290.13768115942'),(2090,55,42,''),(2091,56,42,''),(2092,57,42,'345.63503649635'),(2093,58,42,'450.858208955224'),(2094,59,42,'362.284671532847'),(2095,60,42,'373.485714285714'),(2096,61,42,'332.35'),(2097,62,42,'376.917293233083'),(2098,63,42,'362.255474452555'),(2099,64,42,'362.474820143885'),(2100,65,42,'381.45'),(2101,16,43,'107.103175659652'),(2102,17,43,'64.9475635240889'),(2103,18,43,'75.7779295255196'),(2104,19,43,'60.2467384918941'),(2105,20,43,'54.6573456800952'),(2106,21,43,'125.538578551894'),(2107,22,43,'93.1140471421676'),(2108,23,43,'63.9499324321762'),(2109,24,43,'64.0166819915511'),(2110,25,43,'41.817438402177'),(2111,26,43,'73.2816428432156'),(2112,27,43,''),(2113,28,43,'75.0763540764886'),(2114,29,43,''),(2115,30,43,'63.1344118277389'),(2116,31,43,''),(2117,32,43,'57.2076713017638'),(2118,33,43,''),(2119,34,43,'45.2709417905832'),(2120,35,43,'60.747078556567'),(2121,36,43,'97.8610035897585'),(2122,37,43,'86.4634109943048'),(2123,38,43,'126.20915430448'),(2124,39,43,'91.0947720924169'),(2125,40,43,''),(2126,41,43,'66.3831017412851'),(2127,42,43,'73.0746308827973'),(2128,43,43,'50.8645892890213'),(2129,44,43,'52.2898357785336'),(2130,45,43,'51.9217975052159'),(2131,46,43,'80.9969631515635'),(2132,47,43,'90.3498439746663'),(2133,48,43,'63.4229628252538'),(2134,49,43,'59.9106309720738'),(2135,50,43,'51.1374006564743'),(2136,51,43,'60.0696580914785'),(2137,52,43,'57.7043689188254'),(2138,53,43,'62.5079656615401'),(2139,54,43,'59.0263076358659'),(2140,55,43,''),(2141,56,43,''),(2142,57,43,'67.9056304423331'),(2143,58,43,'86.4029859711918'),(2144,59,43,'74.5603731790859'),(2145,60,43,'109.686607965028'),(2146,61,43,'55.099638328077'),(2147,62,43,'99.2718982111055'),(2148,63,43,'101.488048354378'),(2149,64,43,'71.0321759032791'),(2150,65,43,'110.17209069608'),(2151,16,44,'78'),(2152,17,44,'68'),(2153,18,44,'58'),(2154,19,44,'90'),(2155,20,44,'86'),(2156,21,44,'76'),(2157,22,44,'88'),(2158,23,44,'50'),(2159,24,44,'54'),(2160,25,44,'84'),(2161,26,44,'90'),(2162,27,44,''),(2163,28,44,'94'),(2164,29,44,''),(2165,30,44,'88'),(2166,31,44,''),(2167,32,44,'78'),(2168,33,44,''),(2169,34,44,'92'),(2170,35,44,'74'),(2171,36,44,'68'),(2172,37,44,'34'),(2173,38,44,'50'),(2174,39,44,'80'),(2175,40,44,''),(2176,41,44,'68'),(2177,42,44,'82'),(2178,43,44,'80'),(2179,44,44,'58'),(2180,45,44,'66'),(2181,46,44,'64'),(2182,47,44,'64'),(2183,48,44,'86'),(2184,49,44,'86'),(2185,50,44,'84'),(2186,51,44,'86'),(2187,52,44,'92'),(2188,53,44,'68'),(2189,54,44,'62'),(2190,55,44,''),(2191,56,44,''),(2192,57,44,'74'),(2193,58,44,'90'),(2194,59,44,'76'),(2195,60,44,'56'),(2196,61,44,'86'),(2197,62,44,'40'),(2198,63,44,'58'),(2199,64,44,'70'),(2200,65,44,'68'),(2201,16,45,'0'),(2202,17,45,'0'),(2203,18,45,'13'),(2204,19,45,'0'),(2205,20,45,'0'),(2206,21,45,'3'),(2207,22,45,'0'),(2208,23,45,'0'),(2209,24,45,'2'),(2210,25,45,'0'),(2211,26,45,'0'),(2212,27,45,''),(2213,28,45,'0'),(2214,29,45,''),(2215,30,45,'0'),(2216,31,45,''),(2217,32,45,'2'),(2218,33,45,''),(2219,34,45,'0'),(2220,35,45,'0'),(2221,36,45,'1'),(2222,37,45,'29'),(2223,38,45,'23'),(2224,39,45,'0'),(2225,40,45,''),(2226,41,45,'3'),(2227,42,45,'0'),(2228,43,45,'0'),(2229,44,45,'4'),(2230,45,45,'1'),(2231,46,45,'1'),(2232,47,45,'5'),(2233,48,45,'1'),(2234,49,45,'0'),(2235,50,45,'2'),(2236,51,45,'0'),(2237,52,45,'0'),(2238,53,45,'1'),(2239,54,45,'2'),(2240,55,45,''),(2241,56,45,''),(2242,57,45,'0'),(2243,58,45,'0'),(2244,59,45,'2'),(2245,60,45,'1'),(2246,61,45,'0'),(2247,62,45,'3'),(2248,63,45,'3'),(2249,64,45,'1'),(2250,65,45,'1'),(2251,16,46,'6.66666666666666'),(2252,17,46,'3.33333333333333'),(2253,18,46,'0'),(2254,19,46,'5'),(2255,20,46,'15'),(2256,21,46,'5'),(2257,22,46,'6.66666666666667'),(2258,23,46,'1.66666666666666'),(2259,24,46,'3.33333333333333'),(2260,25,46,'1.66666666666666'),(2261,26,46,'0'),(2262,27,46,''),(2263,28,46,'1.66666666666666'),(2264,29,46,''),(2265,30,46,'1.66666666666666'),(2266,31,46,''),(2267,32,46,'0'),(2268,33,46,''),(2269,34,46,'0'),(2270,35,46,'0'),(2271,36,46,'1.66666666666666'),(2272,37,46,'3.33333333333334'),(2273,38,46,'13.3333333333333'),(2274,39,46,'1.66666666666666'),(2275,40,46,''),(2276,41,46,'1.66666666666666'),(2277,42,46,'0'),(2278,43,46,'1.66666666666666'),(2279,44,46,'5'),(2280,45,46,'1.66666666666666'),(2281,46,46,'0'),(2282,47,46,'0'),(2283,48,46,'1.66666666666666'),(2284,49,46,'0'),(2285,50,46,'1.66666666666666'),(2286,51,46,'1.66666666666666'),(2287,52,46,'0'),(2288,53,46,'1.66666666666666'),(2289,54,46,'3.33333333333333'),(2290,55,46,''),(2291,56,46,''),(2292,57,46,'3.33333333333334'),(2293,58,46,'8.33333333333334'),(2294,59,46,'0'),(2295,60,46,'16.6666666666667'),(2296,61,46,'1.66666666666666'),(2297,62,46,'3.33333333333333'),(2298,63,46,'3.33333333333333'),(2299,64,46,'3.33333333333334'),(2300,65,46,'1.66666666666666'),(2301,16,47,'1'),(2302,17,47,'0'),(2303,18,47,'2'),(2304,19,47,'1'),(2305,20,47,'2'),(2306,21,47,'0'),(2307,22,47,'1'),(2308,23,47,'0'),(2309,24,47,'1'),(2310,25,47,'0'),(2311,26,47,'0'),(2312,27,47,''),(2313,28,47,'0'),(2314,29,47,''),(2315,30,47,'0'),(2316,31,47,''),(2317,32,47,'0'),(2318,33,47,''),(2319,34,47,'0'),(2320,35,47,'0'),(2321,36,47,'1'),(2322,37,47,'1'),(2323,38,47,'15'),(2324,39,47,'0'),(2325,40,47,''),(2326,41,47,'0'),(2327,42,47,'0'),(2328,43,47,'0'),(2329,44,47,'0'),(2330,45,47,'0'),(2331,46,47,'0'),(2332,47,47,'0'),(2333,48,47,'0'),(2334,49,47,'0'),(2335,50,47,'0'),(2336,51,47,'0'),(2337,52,47,'0'),(2338,53,47,'0'),(2339,54,47,'0'),(2340,55,47,''),(2341,56,47,''),(2342,57,47,'0'),(2343,58,47,'2'),(2344,59,47,'0'),(2345,60,47,'0'),(2346,61,47,'0'),(2347,62,47,'0'),(2348,63,47,'0'),(2349,64,47,'3'),(2350,65,47,'1'),(2351,16,48,'0.476190476190476'),(2352,17,48,'0.714285714285714'),(2353,18,48,'0.476190476190476'),(2354,19,48,'0.238095238095238'),(2355,20,48,'0'),(2356,21,48,'0.238095238095238'),(2357,22,48,'0.238095238095238'),(2358,23,48,'0.476190476190476'),(2359,24,48,'0.476190476190476'),(2360,25,48,'0.238095238095238'),(2361,26,48,'0.952380952380952'),(2362,27,48,''),(2363,28,48,'0.714285714285714'),(2364,29,48,''),(2365,30,48,'0.238095238095238'),(2366,31,48,''),(2367,32,48,'0'),(2368,33,48,''),(2369,34,48,'0.476190476190476'),(2370,35,48,'0.952380952380952'),(2371,36,48,'0.238095238095238'),(2372,37,48,'1.9047619047619'),(2373,38,48,'1.9047619047619'),(2374,39,48,'0.238095238095238'),(2375,40,48,''),(2376,41,48,'0.476190476190476'),(2377,42,48,'0.476190476190476'),(2378,43,48,'0.238095238095238'),(2379,44,48,'0.714285714285714'),(2380,45,48,'0.952380952380952'),(2381,46,48,'0.476190476190476'),(2382,47,48,'1.9047619047619'),(2383,48,48,'0'),(2384,49,48,'0'),(2385,50,48,'1.19047619047619'),(2386,51,48,'0.238095238095238'),(2387,52,48,'0.238095238095238'),(2388,53,48,'0.238095238095238'),(2389,54,48,'0.238095238095238'),(2390,55,48,''),(2391,56,48,''),(2392,57,48,'0'),(2393,58,48,'0.714285714285714'),(2394,59,48,'1.42857142857143'),(2395,60,48,'2.14285714285714'),(2396,61,48,'0.476190476190476'),(2397,62,48,'0'),(2398,63,48,'0.952380952380952'),(2399,64,48,'0.476190476190476'),(2400,65,48,'1.42857142857143'),(2401,16,49,'475.516602809706'),(2402,17,49,'403.637931034483'),(2403,18,49,'357.65'),(2404,19,49,'425.337438423645'),(2405,20,49,'431.1'),(2406,21,49,'433.259236453202'),(2407,22,49,'443.428571428571'),(2408,23,49,'420.23275862069'),(2409,24,49,'420.689655172414'),(2410,25,49,'386.828735632184'),(2411,26,49,'434.016666666667'),(2412,27,49,''),(2413,28,49,'491.057471264368'),(2414,29,49,''),(2415,30,49,'446.430459770115'),(2416,31,49,''),(2417,32,49,'456.383333333333'),(2418,33,49,''),(2419,34,49,'392.833333333333'),(2420,35,49,'418.65'),(2421,36,49,'401.366091954023'),(2422,37,49,'398.271428571429'),(2423,38,49,'428.863095238095'),(2424,39,49,'405.344252873563'),(2425,40,49,''),(2426,41,49,'431.368390804598'),(2427,42,49,'456.1'),(2428,43,49,'448.622988505747'),(2429,44,49,'388.193965517241'),(2430,45,49,'364.98275862069'),(2431,46,49,'441.3'),(2432,47,49,'387.516666666667'),(2433,48,49,'439.583333333333'),(2434,49,49,'422.033333333333'),(2435,50,49,'363.185057471264'),(2436,51,49,'371.547126436782'),(2437,52,49,'377.45'),(2438,53,49,'412.57816091954'),(2439,54,49,'361.206896551724'),(2440,55,49,''),(2441,56,49,''),(2442,57,49,'465.542857142857'),(2443,58,49,'464.443121693122'),(2444,59,49,'415.916666666667'),(2445,60,49,'519.607371794872'),(2446,61,49,'413.843103448276'),(2447,62,49,'525.879310344828'),(2448,63,49,'406.137931034483'),(2449,64,49,'430.622619047619'),(2450,65,49,'382.872413793103'),(2451,16,50,'69.519936029423'),(2452,17,50,'66.344979099402'),(2453,18,50,'67.0022168874368'),(2454,19,50,'97.514935836593'),(2455,20,50,'100.542611158257'),(2456,21,50,'117.762151026804'),(2457,22,50,'85.8465120573162'),(2458,23,50,'65.3849663517349'),(2459,24,50,'93.6951346355806'),(2460,25,50,'60.252512227571'),(2461,26,50,'66.7741632869404'),(2462,27,50,''),(2463,28,50,'72.2230218127901'),(2464,29,50,''),(2465,30,50,'62.2122460381968'),(2466,31,50,''),(2467,32,50,'77.1475567631693'),(2468,33,50,''),(2469,34,50,'57.0162075873225'),(2470,35,50,'80.4329687922427'),(2471,36,50,'71.461549085504'),(2472,37,50,'82.1783792047514'),(2473,38,50,'128.473492259319'),(2474,39,50,'58.565316486093'),(2475,40,50,''),(2476,41,50,'95.8441863089412'),(2477,42,50,'84.7199349799573'),(2478,43,50,'86.5438081896839'),(2479,44,50,'82.3757638998647'),(2480,45,50,'55.4723799898052'),(2481,46,50,'83.8080896938026'),(2482,47,50,'74.4128188530288'),(2483,48,50,'72.5305034636587'),(2484,49,50,'71.6711580683607'),(2485,50,50,'54.5622667530625'),(2486,51,50,'82.9086068523639'),(2487,52,50,'45.0998688672502'),(2488,53,50,'70.738336265292'),(2489,54,50,'72.323711813495'),(2490,55,50,''),(2491,56,50,''),(2492,57,50,'108.023361169895'),(2493,58,50,'131.164433341344'),(2494,59,50,'79.5777128358812'),(2495,60,50,'133.139328615009'),(2496,61,50,'72.8477681586614'),(2497,62,50,'88.6110286949055'),(2498,63,50,'85.0441325376862'),(2499,64,50,'115.590527746181'),(2500,65,50,'121.233874431164'),(2501,16,51,'473.053571428571'),(2502,17,51,'434.550458715596'),(2503,18,51,'484.056603773585'),(2504,19,51,'513.284403669725'),(2505,20,51,'431.981308411215'),(2506,21,51,'508.422018348624'),(2507,22,51,'480.552380952381'),(2508,23,51,'423.865979381443'),(2509,24,51,'428.272727272727'),(2510,25,51,'414.589285714286'),(2511,26,51,'498.463636363636'),(2512,27,51,''),(2513,28,51,'550.445454545455'),(2514,29,51,''),(2515,30,51,'515.571428571429'),(2516,31,51,''),(2517,32,51,'475.621621621622'),(2518,33,51,''),(2519,34,51,'359.017857142857'),(2520,35,51,'466.2'),(2521,36,51,'475.909090909091'),(2522,37,51,'419.403669724771'),(2523,38,51,'438.476635514019'),(2524,39,51,'456.09009009009'),(2525,40,51,''),(2526,41,51,'476.8125'),(2527,42,51,'449.336363636364'),(2528,43,51,'386.142857142857'),(2529,44,51,'411.082568807339'),(2530,45,51,'337.844036697248'),(2531,46,51,'509.457943925234'),(2532,47,51,'413.363636363636'),(2533,48,51,'426.281818181818'),(2534,49,51,'413.714285714286'),(2535,50,51,'380.366972477064'),(2536,51,51,'470.387387387387'),(2537,52,51,'528.495495495495'),(2538,53,51,'445.8'),(2539,54,51,'354.759259259259'),(2540,55,51,''),(2541,56,51,''),(2542,57,51,'478.372727272727'),(2543,58,51,'588.099099099099'),(2544,59,51,'461.693693693694'),(2545,60,51,'445.172727272727'),(2546,61,51,'426.288288288288'),(2547,62,51,'511.817307692308'),(2548,63,51,'425.268518518519'),(2549,64,51,'409.990909090909'),(2550,65,51,'457.342592592593'),(2551,16,52,'104.95394436409'),(2552,17,52,'91.6284249765133'),(2553,18,52,'121.862594768017'),(2554,19,52,'159.621664485184'),(2555,20,52,'128.59274469017'),(2556,21,52,'112.930025333454'),(2557,22,52,'142.812947925733'),(2558,23,52,'94.7907375997671'),(2559,24,52,'75.9713742674836'),(2560,25,52,'68.9945230325872'),(2561,26,52,'119.690171683663'),(2562,27,52,''),(2563,28,52,'76.4091577156758'),(2564,29,52,''),(2565,30,52,'95.9100286244019'),(2566,31,52,''),(2567,32,52,'89.0524925947973'),(2568,33,52,''),(2569,34,52,'42.2182194867104'),(2570,35,52,'109.055477843648'),(2571,36,52,'92.2354929250626'),(2572,37,52,'71.9948711221147'),(2573,38,52,'138.34754880471'),(2574,39,52,'100.749062666477'),(2575,40,52,''),(2576,41,52,'105.873333399989'),(2577,42,52,'120.442020561475'),(2578,43,52,'60.0469571721754'),(2579,44,52,'70.3729651952877'),(2580,45,52,'52.6000236431306'),(2581,46,52,'100.063308297451'),(2582,47,52,'71.5193856151298'),(2583,48,52,'69.3659530764565'),(2584,49,52,'69.5559180805325'),(2585,50,52,'71.0116918582007'),(2586,51,52,'96.5036194489542'),(2587,52,52,'75.8234640912541'),(2588,53,52,'80.6091259886903'),(2589,54,52,'72.7980012011692'),(2590,55,52,''),(2591,56,52,''),(2592,57,52,'157.058912519055'),(2593,58,52,'130.495346831355'),(2594,59,52,'86.3089369430107'),(2595,60,52,'107.43488397744'),(2596,61,52,'74.3475117132544'),(2597,62,52,'136.860056398283'),(2598,63,52,'112.159566446417'),(2599,64,52,'102.99314090055'),(2600,65,52,'95.4546584184156'),(2601,16,53,'0'),(2602,17,53,'0'),(2603,18,53,'0'),(2604,19,53,'0'),(2605,20,53,'0'),(2606,21,53,'0'),(2607,22,53,'2'),(2608,23,53,'0'),(2609,24,53,'0'),(2610,25,53,'0'),(2611,26,53,'0'),(2612,27,53,''),(2613,28,53,'1'),(2614,29,53,''),(2615,30,53,'0'),(2616,31,53,''),(2617,32,53,'0'),(2618,33,53,''),(2619,34,53,'0'),(2620,35,53,'0'),(2621,36,53,'0'),(2622,37,53,'0'),(2623,38,53,'0'),(2624,39,53,'0'),(2625,40,53,''),(2626,41,53,'0'),(2627,42,53,'1'),(2628,43,53,'0'),(2629,44,53,'0'),(2630,45,53,'0'),(2631,46,53,'0'),(2632,47,53,'0'),(2633,48,53,'0'),(2634,49,53,'0'),(2635,50,53,'0'),(2636,51,53,'0'),(2637,52,53,'0'),(2638,53,53,'0'),(2639,54,53,'1'),(2640,55,53,''),(2641,56,53,''),(2642,57,53,'0'),(2643,58,53,'0'),(2644,59,53,'0'),(2645,60,53,'0'),(2646,61,53,'0'),(2647,62,53,'1'),(2648,63,53,'0'),(2649,64,53,'0'),(2650,65,53,'0'),(2651,16,54,'104.096428571429'),(2652,17,54,'36.9090007438631'),(2653,18,54,'36.800539083558'),(2654,19,54,'57.0767074413864'),(2655,20,54,'120.599336750075'),(2656,21,54,'141.577981651376'),(2657,22,54,'61.7809523809524'),(2658,23,54,'99.2878667724029'),(2659,24,54,'103.31550802139'),(2660,25,54,'70.3224789915967'),(2661,26,54,'64.2863636363636'),(2662,27,54,''),(2663,28,54,'1.673593073593'),(2664,29,54,''),(2665,30,54,'110.033834586466'),(2666,31,54,''),(2667,32,54,'92.3243243243243'),(2668,33,54,''),(2669,34,54,'67.5497104247104'),(2670,35,54,'103.329411764706'),(2671,36,54,'81.7395577395578'),(2672,37,54,'28.6503843292834'),(2673,38,54,'65.9566978193146'),(2674,39,54,'113.40990990991'),(2675,40,54,''),(2676,41,54,'124.008012820513'),(2677,42,54,'105.913636363636'),(2678,43,54,'59.8030888030888'),(2679,44,54,'60.6542732979237'),(2680,45,54,'73.8759633027523'),(2681,46,54,'159.042056074766'),(2682,47,54,'113.775252525253'),(2683,48,54,'58.7694638694638'),(2684,49,54,'40.1857142857143'),(2685,50,54,'26.4708653607736'),(2686,51,54,'85.971586971587'),(2687,52,54,'17.0997425997427'),(2688,53,54,'62.4631578947369'),(2689,54,54,'63.9648786717752'),(2690,55,54,''),(2691,56,54,''),(2692,57,54,'133.793939393939'),(2693,58,54,'79.900900900901'),(2694,59,54,'77.2229729729731'),(2695,60,54,'112.889772727273'),(2696,61,54,'77.4954954954954'),(2697,62,54,'-16.0360576923077'),(2698,63,54,'105.731481481481'),(2699,64,54,'76.9181818181818'),(2700,65,54,'74.039760348584'),(2701,16,55,'31.6666666666667'),(2702,17,55,'11.6666666666667'),(2703,18,55,'20'),(2704,19,55,'15'),(2705,20,55,'26.6666666666667'),(2706,21,55,'55'),(2707,22,55,'16.6666666666667'),(2708,23,55,'41.6666666666667'),(2709,24,55,'16.6666666666667'),(2710,25,55,'15'),(2711,26,55,'6.66666666666666'),(2712,27,55,''),(2713,28,55,'5'),(2714,29,55,''),(2715,30,55,'8.33333333333333'),(2716,31,55,''),(2717,32,55,'25'),(2718,33,55,''),(2719,34,55,'11.6666666666667'),(2720,35,55,'16.6666666666667'),(2721,36,55,'18.3333333333333'),(2722,37,55,'13.3333333333333'),(2723,38,55,'35'),(2724,39,55,'18.3333333333333'),(2725,40,55,''),(2726,41,55,'23.3333333333333'),(2727,42,55,'30'),(2728,43,55,'15'),(2729,44,55,'13.3333333333333'),(2730,45,55,'1.66666666666666'),(2731,46,55,'31.6666666666667'),(2732,47,55,'28.3333333333333'),(2733,48,55,'18.3333333333333'),(2734,49,55,'16.6666666666667'),(2735,50,55,'6.66666666666666'),(2736,51,55,'13.3333333333333'),(2737,52,55,'15'),(2738,53,55,'16.6666666666667'),(2739,54,55,'11.6666666666667'),(2740,55,55,''),(2741,56,55,''),(2742,57,55,'25'),(2743,58,55,'48.3333333333333'),(2744,59,55,'18.3333333333333'),(2745,60,55,'40'),(2746,61,55,'5'),(2747,62,55,'33.3333333333333'),(2748,63,55,'55'),(2749,64,55,'60'),(2750,65,55,'28.3333333333333'),(2751,16,56,'10'),(2752,17,56,'10'),(2753,18,56,'11'),(2754,19,56,'10'),(2755,20,56,'21'),(2756,21,56,'20'),(2757,22,56,'17'),(2758,23,56,'28'),(2759,24,56,'13'),(2760,25,56,'13'),(2761,26,56,'14'),(2762,27,56,''),(2763,28,56,'3'),(2764,29,56,''),(2765,30,56,'4'),(2766,31,56,''),(2767,32,56,'10'),(2768,33,56,''),(2769,34,56,'2'),(2770,35,56,'10'),(2771,36,56,'2'),(2772,37,56,'0'),(2773,38,56,'17'),(2774,39,56,'3'),(2775,40,56,''),(2776,41,56,'14'),(2777,42,56,'13'),(2778,43,56,'13'),(2779,44,56,'9'),(2780,45,56,'4'),(2781,46,56,'11'),(2782,47,56,'9'),(2783,48,56,'9'),(2784,49,56,'5'),(2785,50,56,'4'),(2786,51,56,'12'),(2787,52,56,'5'),(2788,53,56,'6'),(2789,54,56,'15'),(2790,55,56,''),(2791,56,56,''),(2792,57,56,'10'),(2793,58,56,'22'),(2794,59,56,'9'),(2795,60,56,'12'),(2796,61,56,'8'),(2797,62,56,'12'),(2798,63,56,'8'),(2799,64,56,'20'),(2800,65,56,'11'),(2801,16,57,'4'),(2802,17,57,'20'),(2803,18,57,'6'),(2804,19,57,'4'),(2805,20,57,'17'),(2806,21,57,'11'),(2807,22,57,'4'),(2808,23,57,'25'),(2809,24,57,'5'),(2810,25,57,'15'),(2811,26,57,'10'),(2812,27,57,''),(2813,28,57,'8'),(2814,29,57,''),(2815,30,57,'2'),(2816,31,57,''),(2817,32,57,'6'),(2818,33,57,''),(2819,34,57,'3'),(2820,35,57,'3'),(2821,36,57,'0'),(2822,37,57,'0'),(2823,38,57,'26'),(2824,39,57,'4'),(2825,40,57,''),(2826,41,57,'15'),(2827,42,57,'16'),(2828,43,57,'1'),(2829,44,57,'15'),(2830,45,57,'4'),(2831,46,57,'32'),(2832,47,57,'32'),(2833,48,57,'5'),(2834,49,57,'6'),(2835,50,57,'1'),(2836,51,57,'5'),(2837,52,57,'1'),(2838,53,57,'2'),(2839,54,57,'4'),(2840,55,57,''),(2841,56,57,''),(2842,57,57,'7'),(2843,58,57,'13'),(2844,59,57,'4'),(2845,60,57,'7'),(2846,61,57,'3'),(2847,62,57,'9'),(2848,63,57,'12'),(2849,64,57,'4'),(2850,65,57,'7'),(2851,16,58,'0.58252427184466'),(2852,17,58,'0'),(2853,18,58,'4.1626213592233'),(2854,19,58,'0.58252427184466'),(2855,20,58,'1.16504854368932'),(2856,21,58,'0.691747572815534'),(2857,22,58,'0.95631067961165'),(2858,23,58,'0'),(2859,24,58,'1.04368932038835'),(2860,25,58,'0'),(2861,26,58,'0'),(2862,27,58,''),(2863,28,58,'0.186893203883495'),(2864,29,58,''),(2865,30,58,'0'),(2866,31,58,''),(2867,32,58,'0.461165048543689'),(2868,33,58,''),(2869,34,58,'0'),(2870,35,58,'0'),(2871,36,58,'0.813106796116505'),(2872,37,58,'7.26941747572816'),(2873,38,58,'14.0412621359223'),(2874,39,58,'0'),(2875,40,58,''),(2876,41,58,'0.691747572815534'),(2877,42,58,'0.186893203883495'),(2878,43,58,'0'),(2879,44,58,'0.922330097087379'),(2880,45,58,'0.230582524271845'),(2881,46,58,'0.230582524271845'),(2882,47,58,'1.15291262135922'),(2883,48,58,'0.230582524271845'),(2884,49,58,'0'),(2885,50,58,'0.461165048543689'),(2886,51,58,'0'),(2887,52,58,'0'),(2888,53,58,'0.230582524271845'),(2889,54,58,'0.648058252427185'),(2890,55,58,''),(2891,56,58,''),(2892,57,58,'0'),(2893,58,58,'1.16504854368932'),(2894,59,58,'0.461165048543689'),(2895,60,58,'0.230582524271845'),(2896,61,58,'0'),(2897,62,58,'0.878640776699029'),(2898,63,58,'0.691747572815534'),(2899,64,58,'1.97815533980583'),(2900,65,58,'0.813106796116505'),(2901,16,59,'450.644218489046'),(2902,17,59,'396.109156200701'),(2903,18,59,'380.868966026985'),(2904,19,59,'429.932634196696'),(2905,20,59,'374.284956865564'),(2906,21,59,'462.695922867134'),(2907,22,59,'431.055405060056'),(2908,23,59,'383.667755844063'),(2909,24,59,'376.802491409086'),(2910,25,59,'357.632301585787'),(2911,26,59,'432.855536130536'),(2912,27,59,''),(2913,28,59,'475.24467687485'),(2914,29,59,''),(2915,30,59,'420.980216622458'),(2916,31,59,''),(2917,32,59,'408.464831470267'),(2918,33,59,''),(2919,34,59,'344.141025641026'),(2920,35,59,'406.026783723523'),(2921,36,59,'412.327103930552'),(2922,37,59,'358.509970379961'),(2923,38,59,'381.928425935435'),(2924,39,59,'394.774824559307'),(2925,40,59,''),(2926,41,59,'393.497363853686'),(2927,42,59,'412.041655347051'),(2928,43,59,'367.003498527438'),(2929,44,59,'354.612978441731'),(2930,45,59,'322.823640667317'),(2931,46,59,'428.079849064205'),(2932,47,59,'370.560854269188'),(2933,48,59,'402.345516174473'),(2934,49,59,'397.164314702085'),(2935,50,59,'337.599503030183'),(2936,51,59,'394.346842864084'),(2937,52,59,'413.589102061928'),(2938,53,59,'381.327139208174'),(2939,54,59,'327.002327539934'),(2940,55,59,''),(2941,56,59,''),(2942,57,59,'416.343660232711'),(2943,58,59,'502.736652738518'),(2944,59,59,'408.283806757347'),(2945,60,59,'427.319832571275'),(2946,61,59,'381.743187484567'),(2947,62,59,'453.989481201474'),(2948,63,59,'393.314475511221'),(2949,64,59,'392.637223657637'),(2950,65,59,'408.967035890887'),(2951,16,60,'0.219916525241547'),(2952,17,60,'0.188821796352123'),(2953,18,60,'0.237965058138358'),(2954,19,60,'0.239774191761223'),(2955,20,60,'0.240518209479137'),(2956,21,60,'0.258305635524873'),(2957,22,60,'0.254160077812924'),(2958,23,60,'0.196255634235582'),(2959,24,60,'0.196430507798631'),(2960,25,60,'0.154120646252174'),(2961,26,60,'0.204894402301708'),(2962,27,60,''),(2963,28,60,'0.157826236284678'),(2964,29,60,''),(2965,30,60,'0.17749688781554'),(2966,31,60,''),(2967,32,60,'0.17742956892807'),(2968,33,60,''),(2969,34,60,'0.134926655817462'),(2970,35,60,'0.201647543039231'),(2971,36,60,'0.220128074205833'),(2972,37,60,'0.224388547711009'),(2973,38,60,'0.343001377745116'),(2974,39,60,'0.223683844129348'),(2975,40,60,''),(2976,41,60,'0.219123896227335'),(2977,42,60,'0.224049655145616'),(2978,43,60,'0.166271472639132'),(2979,44,60,'0.182077292435367'),(2980,45,60,'0.163705692411589'),(2981,46,60,'0.206461232944322'),(2982,47,60,'0.217306762991134'),(2983,48,60,'0.167288540217391'),(2984,49,60,'0.165258254897342'),(2985,50,60,'0.174557098476868'),(2986,51,60,'0.196630511816573'),(2987,52,60,'0.149386714659328'),(2988,53,60,'0.185112923803149'),(2989,54,60,'0.203445602717981'),(2990,55,60,''),(2991,56,60,''),(2992,57,60,'0.25849876249579'),(2993,58,60,'0.220471260631141'),(2994,59,60,'0.195311883587451'),(2995,60,60,'0.265347935512959'),(2996,61,60,'0.171377605085048'),(2997,62,60,'0.24387110400381'),(2998,63,60,'0.259732515780815'),(2999,64,60,'0.23195522776193'),(3000,65,60,'0.261674332133482');
/*!40000 ALTER TABLE `Visit_Measurement` ENABLE KEYS */;
UNLOCK TABLES;

--
-- Dumping routines for database 'mind_and_skin'
--
/*!40103 SET TIME_ZONE=@OLD_TIME_ZONE */;

/*!40101 SET SQL_MODE=@OLD_SQL_MODE */;
/*!40014 SET FOREIGN_KEY_CHECKS=@OLD_FOREIGN_KEY_CHECKS */;
/*!40014 SET UNIQUE_CHECKS=@OLD_UNIQUE_CHECKS */;
/*!40101 SET CHARACTER_SET_CLIENT=@OLD_CHARACTER_SET_CLIENT */;
/*!40101 SET CHARACTER_SET_RESULTS=@OLD_CHARACTER_SET_RESULTS */;
/*!40101 SET COLLATION_CONNECTION=@OLD_COLLATION_CONNECTION */;
/*!40111 SET SQL_NOTES=@OLD_SQL_NOTES */;

-- Dump completed on 2025-07-30 13:23:49
